2026-04-22 09:02:31,319 INFO  Logger.cs: 70 - 
--------------------------------------------------------------------------------
2026-04-22 09:02:31,343 INFO  Logger.cs: 71 - Logging commencing for SW2URDF exporter
2026-04-22 09:02:31,344 INFO  Logger.cs: 73 - Commit version 1.6.0-4-g7f85cfe
2026-04-22 09:02:31,344 INFO  Logger.cs: 74 - Build version 1.6.7995.38578
2026-04-22 09:02:31,344 INFO  SwAddin.cs: 192 - Attempting to connect to SW
2026-04-22 09:02:31,345 INFO  SwAddin.cs: 197 - Setting up callbacks
2026-04-22 09:02:31,345 INFO  SwAddin.cs: 201 - Setting up command manager
2026-04-22 09:02:31,345 INFO  SwAddin.cs: 204 - Adding command manager
2026-04-22 09:02:31,352 INFO  SwAddin.cs: 263 - Adding Assembly export to file menu
2026-04-22 09:02:31,356 INFO  SwAddin.cs: 272 - Adding Part export to file menu
2026-04-22 09:02:31,356 INFO  SwAddin.cs: 210 - Adding event handlers
2026-04-22 09:02:31,481 INFO  SwAddin.cs: 217 - Connecting plugin to SolidWorks
2026-04-22 09:06:22,804 INFO  SwAddin.cs: 294 - Assembly export called for file 夹吸组合夹具
2026-04-22 09:06:22,805 INFO  SwAddin.cs: 299 - Save is required
2026-04-22 09:06:22,806 INFO  SwAddin.cs: 313 - Saving assembly
2026-04-22 09:06:22,807 INFO  SwAddin.cs: 316 - Opening property manager
2026-04-22 09:06:22,814 INFO  ExportHelperExtension.cs: 1125 - Retrieving features of type [CoordSys] from 夹吸组合夹具
2026-04-22 09:06:22,838 INFO  ExportHelperExtension.cs: 1136 - Found 43 in 夹吸组合夹具
2026-04-22 09:06:22,838 INFO  ExportHelperExtension.cs: 1145 - Found 0 features of type [CoordSys] in 夹吸组合夹具
2026-04-22 09:06:22,839 INFO  ExportHelperExtension.cs: 1148 - Proceeding through assembly components
2026-04-22 09:06:22,839 INFO  ExportHelperExtension.cs: 1160 - 26 components to check
2026-04-22 09:06:22,840 INFO  ExportHelperExtension.cs: 1125 - Retrieving features of type [CoordSys] from 3.252021.0C.02.75连接杆B_默认_按加工_-1
2026-04-22 09:06:22,841 INFO  ExportHelperExtension.cs: 1136 - Found 19 in 3.252021.0C.02.75连接杆B_默认_按加工_-1
2026-04-22 09:06:22,841 INFO  ExportHelperExtension.cs: 1145 - Found 0 features of type [CoordSys] in 3.252021.0C.02.75连接杆B_默认_按加工_-1
2026-04-22 09:06:22,842 INFO  ExportHelperExtension.cs: 1125 - Retrieving features of type [CoordSys] from 3.252021.0A.02.29固定板-1
2026-04-22 09:06:22,842 INFO  ExportHelperExtension.cs: 1136 - Found 19 in 3.252021.0A.02.29固定板-1
2026-04-22 09:06:22,842 INFO  ExportHelperExtension.cs: 1145 - Found 0 features of type [CoordSys] in 3.252021.0A.02.29固定板-1
2026-04-22 09:06:22,843 INFO  ExportHelperExtension.cs: 1125 - Retrieving features of type [CoordSys] from 3.252021.0C.02.63机器人连接板B-1
2026-04-22 09:06:22,843 INFO  ExportHelperExtension.cs: 1136 - Found 19 in 3.252021.0C.02.63机器人连接板B-1
2026-04-22 09:06:22,844 INFO  ExportHelperExtension.cs: 1145 - Found 0 features of type [CoordSys] in 3.252021.0C.02.63机器人连接板B-1
2026-04-22 09:06:22,844 INFO  ExportHelperExtension.cs: 1125 - Retrieving features of type [CoordSys] from 3.252021.0C.02.64治具连接板-1
2026-04-22 09:06:22,844 INFO  ExportHelperExtension.cs: 1136 - Found 19 in 3.252021.0C.02.64治具连接板-1
2026-04-22 09:06:22,845 INFO  ExportHelperExtension.cs: 1145 - Found 0 features of type [CoordSys] in 3.252021.0C.02.64治具连接板-1
2026-04-22 09:06:22,845 INFO  ExportHelperExtension.cs: 1125 - Retrieving features of type [CoordSys] from 2.03.57.03.062001轴承钢定位销（φ6x20负公差0-0.01）-1
2026-04-22 09:06:22,846 INFO  ExportHelperExtension.cs: 1136 - Found 19 in 2.03.57.03.062001轴承钢定位销（φ6x20负公差0-0.01）-1
2026-04-22 09:06:22,846 INFO  ExportHelperExtension.cs: 1145 - Found 0 features of type [CoordSys] in 2.03.57.03.062001轴承钢定位销（φ6x20负公差0-0.01）-1
2026-04-22 09:06:22,846 INFO  ExportHelperExtension.cs: 1125 - Retrieving features of type [CoordSys] from 2.02.03.07.020341挤压角座（怡合达ABC01-206-20-34）-1
2026-04-22 09:06:22,847 INFO  ExportHelperExtension.cs: 1136 - Found 19 in 2.02.03.07.020341挤压角座（怡合达ABC01-206-20-34）-1
2026-04-22 09:06:22,847 INFO  ExportHelperExtension.cs: 1145 - Found 0 features of type [CoordSys] in 2.02.03.07.020341挤压角座（怡合达ABC01-206-20-34）-1
2026-04-22 09:06:22,848 INFO  ExportHelperExtension.cs: 1125 - Retrieving features of type [CoordSys] from 软袋吸盘（STP35-G2F内螺丝蓝色)-2
2026-04-22 09:06:22,848 INFO  ExportHelperExtension.cs: 1136 - Found 81 in 软袋吸盘（STP35-G2F内螺丝蓝色)-2
2026-04-22 09:06:22,849 INFO  ExportHelperExtension.cs: 1145 - Found 0 features of type [CoordSys] in 软袋吸盘（STP35-G2F内螺丝蓝色)-2
2026-04-22 09:06:22,849 INFO  ExportHelperExtension.cs: 1125 - Retrieving features of type [CoordSys] from 3.252021.0C.02.80金具-1
2026-04-22 09:06:22,849 INFO  ExportHelperExtension.cs: 1136 - Found 19 in 3.252021.0C.02.80金具-1
2026-04-22 09:06:22,850 INFO  ExportHelperExtension.cs: 1145 - Found 0 features of type [CoordSys] in 3.252021.0C.02.80金具-1
2026-04-22 09:06:22,850 INFO  ExportHelperExtension.cs: 1125 - Retrieving features of type [CoordSys] from 3.252021.0C.02.78连接板B-1
2026-04-22 09:06:22,851 INFO  ExportHelperExtension.cs: 1136 - Found 19 in 3.252021.0C.02.78连接板B-1
2026-04-22 09:06:22,851 INFO  ExportHelperExtension.cs: 1145 - Found 0 features of type [CoordSys] in 3.252021.0C.02.78连接板B-1
2026-04-22 09:06:22,851 INFO  ExportHelperExtension.cs: 1125 - Retrieving features of type [CoordSys] from 252021 PL801-2
2026-04-22 09:06:22,852 INFO  ExportHelperExtension.cs: 1136 - Found 19 in 252021 PL801-2
2026-04-22 09:06:22,852 INFO  ExportHelperExtension.cs: 1145 - Found 0 features of type [CoordSys] in 252021 PL801-2
2026-04-22 09:06:22,852 INFO  ExportHelperExtension.cs: 1125 - Retrieving features of type [CoordSys] from 3.252021.0C.02.81金具B-1
2026-04-22 09:06:22,853 INFO  ExportHelperExtension.cs: 1136 - Found 19 in 3.252021.0C.02.81金具B-1
2026-04-22 09:06:22,859 INFO  ExportHelperExtension.cs: 1145 - Found 0 features of type [CoordSys] in 3.252021.0C.02.81金具B-1
2026-04-22 09:06:22,873 INFO  ExportHelperExtension.cs: 1125 - Retrieving features of type [CoordSys] from 3.252021.0C.02.65真空发生器固定板-1
2026-04-22 09:06:22,873 INFO  ExportHelperExtension.cs: 1136 - Found 19 in 3.252021.0C.02.65真空发生器固定板-1
2026-04-22 09:06:22,873 INFO  ExportHelperExtension.cs: 1145 - Found 0 features of type [CoordSys] in 3.252021.0C.02.65真空发生器固定板-1
2026-04-22 09:06:22,874 INFO  ExportHelperExtension.cs: 1125 - Retrieving features of type [CoordSys] from 风琴软袋吸盘（ZP3P-T20JT5SF-AG01吸盘附件带接头）-1
2026-04-22 09:06:22,874 INFO  ExportHelperExtension.cs: 1136 - Found 20 in 风琴软袋吸盘（ZP3P-T20JT5SF-AG01吸盘附件带接头）-1
2026-04-22 09:06:22,875 INFO  ExportHelperExtension.cs: 1145 - Found 0 features of type [CoordSys] in 风琴软袋吸盘（ZP3P-T20JT5SF-AG01吸盘附件带接头）-1
2026-04-22 09:06:22,875 INFO  ExportHelperExtension.cs: 1125 - Retrieving features of type [CoordSys] from 2.03.05.01.012101薄型螺母M12x1.0-2
2026-04-22 09:06:22,876 INFO  ExportHelperExtension.cs: 1136 - Found 19 in 2.03.05.01.012101薄型螺母M12x1.0-2
2026-04-22 09:06:22,876 INFO  ExportHelperExtension.cs: 1145 - Found 0 features of type [CoordSys] in 2.03.05.01.012101薄型螺母M12x1.0-2
2026-04-22 09:06:22,876 INFO  ExportHelperExtension.cs: 1125 - Retrieving features of type [CoordSys] from 2.03.05.01.012101薄型螺母M12x1.0-3
2026-04-22 09:06:22,877 INFO  ExportHelperExtension.cs: 1136 - Found 19 in 2.03.05.01.012101薄型螺母M12x1.0-3
2026-04-22 09:06:22,877 INFO  ExportHelperExtension.cs: 1145 - Found 0 features of type [CoordSys] in 2.03.05.01.012101薄型螺母M12x1.0-3
2026-04-22 09:06:22,877 INFO  ExportHelperExtension.cs: 1125 - Retrieving features of type [CoordSys] from 2.03.05.01.012101薄型螺母M12x1.0-1
2026-04-22 09:06:22,877 INFO  ExportHelperExtension.cs: 1136 - Found 19 in 2.03.05.01.012101薄型螺母M12x1.0-1
2026-04-22 09:06:22,878 INFO  ExportHelperExtension.cs: 1145 - Found 0 features of type [CoordSys] in 2.03.05.01.012101薄型螺母M12x1.0-1
2026-04-22 09:06:22,878 INFO  ExportHelperExtension.cs: 1125 - Retrieving features of type [CoordSys] from 3.252021.0C.02.79吸盘固定杆-1
2026-04-22 09:06:22,879 INFO  ExportHelperExtension.cs: 1136 - Found 21 in 3.252021.0C.02.79吸盘固定杆-1
2026-04-22 09:06:22,879 INFO  ExportHelperExtension.cs: 1145 - Found 0 features of type [CoordSys] in 3.252021.0C.02.79吸盘固定杆-1
2026-04-22 09:06:22,879 INFO  ExportHelperExtension.cs: 1125 - Retrieving features of type [CoordSys] from 3.252021.0C.02.78连接板B-2
2026-04-22 09:06:22,880 INFO  ExportHelperExtension.cs: 1136 - Found 19 in 3.252021.0C.02.78连接板B-2
2026-04-22 09:06:22,880 INFO  ExportHelperExtension.cs: 1145 - Found 0 features of type [CoordSys] in 3.252021.0C.02.78连接板B-2
2026-04-22 09:06:22,880 INFO  ExportHelperExtension.cs: 1125 - Retrieving features of type [CoordSys] from 252021 PL801-1
2026-04-22 09:06:22,881 INFO  ExportHelperExtension.cs: 1136 - Found 19 in 252021 PL801-1
2026-04-22 09:06:22,881 INFO  ExportHelperExtension.cs: 1145 - Found 0 features of type [CoordSys] in 252021 PL801-1
2026-04-22 09:06:22,881 INFO  ExportHelperExtension.cs: 1125 - Retrieving features of type [CoordSys] from 3.252021.0C.02.65真空发生器固定板-2
2026-04-22 09:06:22,882 INFO  ExportHelperExtension.cs: 1136 - Found 19 in 3.252021.0C.02.65真空发生器固定板-2
2026-04-22 09:06:22,882 INFO  ExportHelperExtension.cs: 1145 - Found 0 features of type [CoordSys] in 3.252021.0C.02.65真空发生器固定板-2
2026-04-22 09:06:22,882 INFO  ExportHelperExtension.cs: 1125 - Retrieving features of type [CoordSys] from 软袋吸盘（STP35-G2F内螺丝蓝色)-1
2026-04-22 09:06:22,883 INFO  ExportHelperExtension.cs: 1136 - Found 81 in 软袋吸盘（STP35-G2F内螺丝蓝色)-1
2026-04-22 09:06:22,883 INFO  ExportHelperExtension.cs: 1145 - Found 0 features of type [CoordSys] in 软袋吸盘（STP35-G2F内螺丝蓝色)-1
2026-04-22 09:06:22,884 INFO  ExportHelperExtension.cs: 1125 - Retrieving features of type [CoordSys] from 2.02.08.01.030001多级真空发生器（BM30-B内置消音器）供应商八达路信茂，根据实物测绘-1
2026-04-22 09:06:22,884 INFO  ExportHelperExtension.cs: 1136 - Found 21 in 2.02.08.01.030001多级真空发生器（BM30-B内置消音器）供应商八达路信茂，根据实物测绘-1
2026-04-22 09:06:22,884 INFO  ExportHelperExtension.cs: 1145 - Found 0 features of type [CoordSys] in 2.02.08.01.030001多级真空发生器（BM30-B内置消音器）供应商八达路信茂，根据实物测绘-1
2026-04-22 09:06:22,885 INFO  ExportHelperExtension.cs: 1125 - Retrieving features of type [CoordSys] from 3.252021.0C.02.80金具-2
2026-04-22 09:06:22,885 INFO  ExportHelperExtension.cs: 1136 - Found 19 in 3.252021.0C.02.80金具-2
2026-04-22 09:06:22,886 INFO  ExportHelperExtension.cs: 1145 - Found 0 features of type [CoordSys] in 3.252021.0C.02.80金具-2
2026-04-22 09:06:22,886 INFO  ExportHelperExtension.cs: 1125 - Retrieving features of type [CoordSys] from 真空压力表（SMC-ZSE20-N-01-LA1）-1
2026-04-22 09:06:22,886 INFO  ExportHelperExtension.cs: 1136 - Found 21 in 真空压力表（SMC-ZSE20-N-01-LA1）-1
2026-04-22 09:06:22,887 INFO  ExportHelperExtension.cs: 1145 - Found 0 features of type [CoordSys] in 真空压力表（SMC-ZSE20-N-01-LA1）-1
2026-04-22 09:06:22,887 INFO  ExportHelperExtension.cs: 1125 - Retrieving features of type [CoordSys] from 2.02.08.01.030001多级真空发生器（BM30-B内置消音器）供应商八达路信茂，根据实物测绘-2
2026-04-22 09:06:22,887 INFO  ExportHelperExtension.cs: 1136 - Found 21 in 2.02.08.01.030001多级真空发生器（BM30-B内置消音器）供应商八达路信茂，根据实物测绘-2
2026-04-22 09:06:22,887 INFO  ExportHelperExtension.cs: 1145 - Found 0 features of type [CoordSys] in 2.02.08.01.030001多级真空发生器（BM30-B内置消音器）供应商八达路信茂，根据实物测绘-2
2026-04-22 09:06:22,888 INFO  ExportHelperExtension.cs: 1125 - Retrieving features of type [CoordSys] from 真空压力表（SMC-ZSE20-N-01-LA1）-2
2026-04-22 09:06:22,888 INFO  ExportHelperExtension.cs: 1136 - Found 21 in 真空压力表（SMC-ZSE20-N-01-LA1）-2
2026-04-22 09:06:22,888 INFO  ExportHelperExtension.cs: 1145 - Found 0 features of type [CoordSys] in 真空压力表（SMC-ZSE20-N-01-LA1）-2
2026-04-22 09:06:22,889 INFO  ExportHelperExtension.cs: 1125 - Retrieving features of type [RefAxis] from 夹吸组合夹具
2026-04-22 09:06:22,889 INFO  ExportHelperExtension.cs: 1136 - Found 43 in 夹吸组合夹具
2026-04-22 09:06:22,890 INFO  ExportHelperExtension.cs: 1145 - Found 0 features of type [RefAxis] in 夹吸组合夹具
2026-04-22 09:06:22,890 INFO  ExportHelperExtension.cs: 1148 - Proceeding through assembly components
2026-04-22 09:06:22,890 INFO  ExportHelperExtension.cs: 1160 - 26 components to check
2026-04-22 09:06:22,891 INFO  ExportHelperExtension.cs: 1125 - Retrieving features of type [RefAxis] from 3.252021.0C.02.75连接杆B_默认_按加工_-1
2026-04-22 09:06:22,891 INFO  ExportHelperExtension.cs: 1136 - Found 19 in 3.252021.0C.02.75连接杆B_默认_按加工_-1
2026-04-22 09:06:22,892 INFO  ExportHelperExtension.cs: 1145 - Found 0 features of type [RefAxis] in 3.252021.0C.02.75连接杆B_默认_按加工_-1
2026-04-22 09:06:22,892 INFO  ExportHelperExtension.cs: 1125 - Retrieving features of type [RefAxis] from 3.252021.0A.02.29固定板-1
2026-04-22 09:06:22,893 INFO  ExportHelperExtension.cs: 1136 - Found 19 in 3.252021.0A.02.29固定板-1
2026-04-22 09:06:22,893 INFO  ExportHelperExtension.cs: 1145 - Found 0 features of type [RefAxis] in 3.252021.0A.02.29固定板-1
2026-04-22 09:06:22,893 INFO  ExportHelperExtension.cs: 1125 - Retrieving features of type [RefAxis] from 3.252021.0C.02.63机器人连接板B-1
2026-04-22 09:06:22,894 INFO  ExportHelperExtension.cs: 1136 - Found 19 in 3.252021.0C.02.63机器人连接板B-1
2026-04-22 09:06:22,894 INFO  ExportHelperExtension.cs: 1145 - Found 0 features of type [RefAxis] in 3.252021.0C.02.63机器人连接板B-1
2026-04-22 09:06:22,894 INFO  ExportHelperExtension.cs: 1125 - Retrieving features of type [RefAxis] from 3.252021.0C.02.64治具连接板-1
2026-04-22 09:06:22,895 INFO  ExportHelperExtension.cs: 1136 - Found 19 in 3.252021.0C.02.64治具连接板-1
2026-04-22 09:06:22,895 INFO  ExportHelperExtension.cs: 1145 - Found 0 features of type [RefAxis] in 3.252021.0C.02.64治具连接板-1
2026-04-22 09:06:22,896 INFO  ExportHelperExtension.cs: 1125 - Retrieving features of type [RefAxis] from 2.03.57.03.062001轴承钢定位销（φ6x20负公差0-0.01）-1
2026-04-22 09:06:22,896 INFO  ExportHelperExtension.cs: 1136 - Found 19 in 2.03.57.03.062001轴承钢定位销（φ6x20负公差0-0.01）-1
2026-04-22 09:06:22,896 INFO  ExportHelperExtension.cs: 1145 - Found 0 features of type [RefAxis] in 2.03.57.03.062001轴承钢定位销（φ6x20负公差0-0.01）-1
2026-04-22 09:06:22,897 INFO  ExportHelperExtension.cs: 1125 - Retrieving features of type [RefAxis] from 2.02.03.07.020341挤压角座（怡合达ABC01-206-20-34）-1
2026-04-22 09:06:22,897 INFO  ExportHelperExtension.cs: 1136 - Found 19 in 2.02.03.07.020341挤压角座（怡合达ABC01-206-20-34）-1
2026-04-22 09:06:22,897 INFO  ExportHelperExtension.cs: 1145 - Found 0 features of type [RefAxis] in 2.02.03.07.020341挤压角座（怡合达ABC01-206-20-34）-1
2026-04-22 09:06:22,898 INFO  ExportHelperExtension.cs: 1125 - Retrieving features of type [RefAxis] from 软袋吸盘（STP35-G2F内螺丝蓝色)-2
2026-04-22 09:06:22,898 INFO  ExportHelperExtension.cs: 1136 - Found 81 in 软袋吸盘（STP35-G2F内螺丝蓝色)-2
2026-04-22 09:06:22,899 INFO  ExportHelperExtension.cs: 1145 - Found 0 features of type [RefAxis] in 软袋吸盘（STP35-G2F内螺丝蓝色)-2
2026-04-22 09:06:22,899 INFO  ExportHelperExtension.cs: 1125 - Retrieving features of type [RefAxis] from 3.252021.0C.02.80金具-1
2026-04-22 09:06:22,899 INFO  ExportHelperExtension.cs: 1136 - Found 19 in 3.252021.0C.02.80金具-1
2026-04-22 09:06:22,899 INFO  ExportHelperExtension.cs: 1145 - Found 0 features of type [RefAxis] in 3.252021.0C.02.80金具-1
2026-04-22 09:06:22,900 INFO  ExportHelperExtension.cs: 1125 - Retrieving features of type [RefAxis] from 3.252021.0C.02.78连接板B-1
2026-04-22 09:06:22,900 INFO  ExportHelperExtension.cs: 1136 - Found 19 in 3.252021.0C.02.78连接板B-1
2026-04-22 09:06:22,900 INFO  ExportHelperExtension.cs: 1145 - Found 0 features of type [RefAxis] in 3.252021.0C.02.78连接板B-1
2026-04-22 09:06:22,901 INFO  ExportHelperExtension.cs: 1125 - Retrieving features of type [RefAxis] from 252021 PL801-2
2026-04-22 09:06:22,901 INFO  ExportHelperExtension.cs: 1136 - Found 19 in 252021 PL801-2
2026-04-22 09:06:22,901 INFO  ExportHelperExtension.cs: 1145 - Found 0 features of type [RefAxis] in 252021 PL801-2
2026-04-22 09:06:22,901 INFO  ExportHelperExtension.cs: 1125 - Retrieving features of type [RefAxis] from 3.252021.0C.02.81金具B-1
2026-04-22 09:06:22,902 INFO  ExportHelperExtension.cs: 1136 - Found 19 in 3.252021.0C.02.81金具B-1
2026-04-22 09:06:22,902 INFO  ExportHelperExtension.cs: 1145 - Found 0 features of type [RefAxis] in 3.252021.0C.02.81金具B-1
2026-04-22 09:06:22,902 INFO  ExportHelperExtension.cs: 1125 - Retrieving features of type [RefAxis] from 3.252021.0C.02.65真空发生器固定板-1
2026-04-22 09:06:22,903 INFO  ExportHelperExtension.cs: 1136 - Found 19 in 3.252021.0C.02.65真空发生器固定板-1
2026-04-22 09:06:22,903 INFO  ExportHelperExtension.cs: 1145 - Found 0 features of type [RefAxis] in 3.252021.0C.02.65真空发生器固定板-1
2026-04-22 09:06:22,903 INFO  ExportHelperExtension.cs: 1125 - Retrieving features of type [RefAxis] from 风琴软袋吸盘（ZP3P-T20JT5SF-AG01吸盘附件带接头）-1
2026-04-22 09:06:22,904 INFO  ExportHelperExtension.cs: 1136 - Found 20 in 风琴软袋吸盘（ZP3P-T20JT5SF-AG01吸盘附件带接头）-1
2026-04-22 09:06:22,904 INFO  ExportHelperExtension.cs: 1145 - Found 0 features of type [RefAxis] in 风琴软袋吸盘（ZP3P-T20JT5SF-AG01吸盘附件带接头）-1
2026-04-22 09:06:22,904 INFO  ExportHelperExtension.cs: 1125 - Retrieving features of type [RefAxis] from 2.03.05.01.012101薄型螺母M12x1.0-2
2026-04-22 09:06:22,904 INFO  ExportHelperExtension.cs: 1136 - Found 19 in 2.03.05.01.012101薄型螺母M12x1.0-2
2026-04-22 09:06:22,905 INFO  ExportHelperExtension.cs: 1145 - Found 0 features of type [RefAxis] in 2.03.05.01.012101薄型螺母M12x1.0-2
2026-04-22 09:06:22,905 INFO  ExportHelperExtension.cs: 1125 - Retrieving features of type [RefAxis] from 2.03.05.01.012101薄型螺母M12x1.0-3
2026-04-22 09:06:22,905 INFO  ExportHelperExtension.cs: 1136 - Found 19 in 2.03.05.01.012101薄型螺母M12x1.0-3
2026-04-22 09:06:22,906 INFO  ExportHelperExtension.cs: 1145 - Found 0 features of type [RefAxis] in 2.03.05.01.012101薄型螺母M12x1.0-3
2026-04-22 09:06:22,906 INFO  ExportHelperExtension.cs: 1125 - Retrieving features of type [RefAxis] from 2.03.05.01.012101薄型螺母M12x1.0-1
2026-04-22 09:06:22,906 INFO  ExportHelperExtension.cs: 1136 - Found 19 in 2.03.05.01.012101薄型螺母M12x1.0-1
2026-04-22 09:06:22,906 INFO  ExportHelperExtension.cs: 1145 - Found 0 features of type [RefAxis] in 2.03.05.01.012101薄型螺母M12x1.0-1
2026-04-22 09:06:22,907 INFO  ExportHelperExtension.cs: 1125 - Retrieving features of type [RefAxis] from 3.252021.0C.02.79吸盘固定杆-1
2026-04-22 09:06:22,907 INFO  ExportHelperExtension.cs: 1136 - Found 21 in 3.252021.0C.02.79吸盘固定杆-1
2026-04-22 09:06:22,907 INFO  ExportHelperExtension.cs: 1145 - Found 0 features of type [RefAxis] in 3.252021.0C.02.79吸盘固定杆-1
2026-04-22 09:06:22,908 INFO  ExportHelperExtension.cs: 1125 - Retrieving features of type [RefAxis] from 3.252021.0C.02.78连接板B-2
2026-04-22 09:06:22,908 INFO  ExportHelperExtension.cs: 1136 - Found 19 in 3.252021.0C.02.78连接板B-2
2026-04-22 09:06:22,908 INFO  ExportHelperExtension.cs: 1145 - Found 0 features of type [RefAxis] in 3.252021.0C.02.78连接板B-2
2026-04-22 09:06:22,909 INFO  ExportHelperExtension.cs: 1125 - Retrieving features of type [RefAxis] from 252021 PL801-1
2026-04-22 09:06:22,909 INFO  ExportHelperExtension.cs: 1136 - Found 19 in 252021 PL801-1
2026-04-22 09:06:22,909 INFO  ExportHelperExtension.cs: 1145 - Found 0 features of type [RefAxis] in 252021 PL801-1
2026-04-22 09:06:22,909 INFO  ExportHelperExtension.cs: 1125 - Retrieving features of type [RefAxis] from 3.252021.0C.02.65真空发生器固定板-2
2026-04-22 09:06:22,910 INFO  ExportHelperExtension.cs: 1136 - Found 19 in 3.252021.0C.02.65真空发生器固定板-2
2026-04-22 09:06:22,910 INFO  ExportHelperExtension.cs: 1145 - Found 0 features of type [RefAxis] in 3.252021.0C.02.65真空发生器固定板-2
2026-04-22 09:06:22,910 INFO  ExportHelperExtension.cs: 1125 - Retrieving features of type [RefAxis] from 软袋吸盘（STP35-G2F内螺丝蓝色)-1
2026-04-22 09:06:22,911 INFO  ExportHelperExtension.cs: 1136 - Found 81 in 软袋吸盘（STP35-G2F内螺丝蓝色)-1
2026-04-22 09:06:22,911 INFO  ExportHelperExtension.cs: 1145 - Found 0 features of type [RefAxis] in 软袋吸盘（STP35-G2F内螺丝蓝色)-1
2026-04-22 09:06:22,911 INFO  ExportHelperExtension.cs: 1125 - Retrieving features of type [RefAxis] from 2.02.08.01.030001多级真空发生器（BM30-B内置消音器）供应商八达路信茂，根据实物测绘-1
2026-04-22 09:06:22,912 INFO  ExportHelperExtension.cs: 1136 - Found 21 in 2.02.08.01.030001多级真空发生器（BM30-B内置消音器）供应商八达路信茂，根据实物测绘-1
2026-04-22 09:06:22,912 INFO  ExportHelperExtension.cs: 1145 - Found 0 features of type [RefAxis] in 2.02.08.01.030001多级真空发生器（BM30-B内置消音器）供应商八达路信茂，根据实物测绘-1
2026-04-22 09:06:22,912 INFO  ExportHelperExtension.cs: 1125 - Retrieving features of type [RefAxis] from 3.252021.0C.02.80金具-2
2026-04-22 09:06:22,913 INFO  ExportHelperExtension.cs: 1136 - Found 19 in 3.252021.0C.02.80金具-2
2026-04-22 09:06:22,913 INFO  ExportHelperExtension.cs: 1145 - Found 0 features of type [RefAxis] in 3.252021.0C.02.80金具-2
2026-04-22 09:06:22,913 INFO  ExportHelperExtension.cs: 1125 - Retrieving features of type [RefAxis] from 真空压力表（SMC-ZSE20-N-01-LA1）-1
2026-04-22 09:06:22,913 INFO  ExportHelperExtension.cs: 1136 - Found 21 in 真空压力表（SMC-ZSE20-N-01-LA1）-1
2026-04-22 09:06:22,914 INFO  ExportHelperExtension.cs: 1145 - Found 0 features of type [RefAxis] in 真空压力表（SMC-ZSE20-N-01-LA1）-1
2026-04-22 09:06:22,914 INFO  ExportHelperExtension.cs: 1125 - Retrieving features of type [RefAxis] from 2.02.08.01.030001多级真空发生器（BM30-B内置消音器）供应商八达路信茂，根据实物测绘-2
2026-04-22 09:06:22,914 INFO  ExportHelperExtension.cs: 1136 - Found 21 in 2.02.08.01.030001多级真空发生器（BM30-B内置消音器）供应商八达路信茂，根据实物测绘-2
2026-04-22 09:06:22,915 INFO  ExportHelperExtension.cs: 1145 - Found 0 features of type [RefAxis] in 2.02.08.01.030001多级真空发生器（BM30-B内置消音器）供应商八达路信茂，根据实物测绘-2
2026-04-22 09:06:22,915 INFO  ExportHelperExtension.cs: 1125 - Retrieving features of type [RefAxis] from 真空压力表（SMC-ZSE20-N-01-LA1）-2
2026-04-22 09:06:22,915 INFO  ExportHelperExtension.cs: 1136 - Found 21 in 真空压力表（SMC-ZSE20-N-01-LA1）-2
2026-04-22 09:06:22,916 INFO  ExportHelperExtension.cs: 1145 - Found 0 features of type [RefAxis] in 真空压力表（SMC-ZSE20-N-01-LA1）-2
2026-04-22 09:06:23,313 INFO  SwAddin.cs: 339 - Loading config tree
2026-04-22 09:06:23,317 INFO  ExportPropertyManagerExtension.cs: 520 - Starting new configuration
2026-04-22 09:06:23,322 INFO  SwAddin.cs: 344 - Showing property manager
2026-04-22 09:07:25,448 INFO  ExportPropertyManager.cs: 416 - Configuration canceled
2026-04-22 09:07:25,499 INFO  ExportPropertyManager.cs: 1142 - AfterClose called. This method no longer throws an Exception. It just silently does nothing. Ok, except for this logging message
2026-04-22 09:08:11,224 INFO  SwAddin.cs: 294 - Assembly export called for file 夹吸组合夹具
2026-04-22 09:08:11,224 INFO  SwAddin.cs: 299 - Save is required
2026-04-22 09:08:11,224 INFO  SwAddin.cs: 313 - Saving assembly
2026-04-22 09:08:11,225 INFO  SwAddin.cs: 316 - Opening property manager
2026-04-22 09:08:11,225 INFO  ExportHelperExtension.cs: 1125 - Retrieving features of type [CoordSys] from 夹吸组合夹具
2026-04-22 09:08:11,225 INFO  ExportHelperExtension.cs: 1136 - Found 45 in 夹吸组合夹具
2026-04-22 09:08:11,226 INFO  ExportHelperExtension.cs: 1145 - Found 1 features of type [CoordSys] in 夹吸组合夹具
2026-04-22 09:08:11,226 INFO  ExportHelperExtension.cs: 1148 - Proceeding through assembly components
2026-04-22 09:08:11,226 INFO  ExportHelperExtension.cs: 1160 - 26 components to check
2026-04-22 09:08:11,227 INFO  ExportHelperExtension.cs: 1125 - Retrieving features of type [CoordSys] from 3.252021.0C.02.75连接杆B_默认_按加工_-1
2026-04-22 09:08:11,227 INFO  ExportHelperExtension.cs: 1136 - Found 19 in 3.252021.0C.02.75连接杆B_默认_按加工_-1
2026-04-22 09:08:11,227 INFO  ExportHelperExtension.cs: 1145 - Found 0 features of type [CoordSys] in 3.252021.0C.02.75连接杆B_默认_按加工_-1
2026-04-22 09:08:11,228 INFO  ExportHelperExtension.cs: 1125 - Retrieving features of type [CoordSys] from 3.252021.0A.02.29固定板-1
2026-04-22 09:08:11,228 INFO  ExportHelperExtension.cs: 1136 - Found 19 in 3.252021.0A.02.29固定板-1
2026-04-22 09:08:11,228 INFO  ExportHelperExtension.cs: 1145 - Found 0 features of type [CoordSys] in 3.252021.0A.02.29固定板-1
2026-04-22 09:08:11,229 INFO  ExportHelperExtension.cs: 1125 - Retrieving features of type [CoordSys] from 3.252021.0C.02.63机器人连接板B-1
2026-04-22 09:08:11,229 INFO  ExportHelperExtension.cs: 1136 - Found 19 in 3.252021.0C.02.63机器人连接板B-1
2026-04-22 09:08:11,230 INFO  ExportHelperExtension.cs: 1145 - Found 0 features of type [CoordSys] in 3.252021.0C.02.63机器人连接板B-1
2026-04-22 09:08:11,230 INFO  ExportHelperExtension.cs: 1125 - Retrieving features of type [CoordSys] from 3.252021.0C.02.64治具连接板-1
2026-04-22 09:08:11,230 INFO  ExportHelperExtension.cs: 1136 - Found 19 in 3.252021.0C.02.64治具连接板-1
2026-04-22 09:08:11,231 INFO  ExportHelperExtension.cs: 1145 - Found 0 features of type [CoordSys] in 3.252021.0C.02.64治具连接板-1
2026-04-22 09:08:11,231 INFO  ExportHelperExtension.cs: 1125 - Retrieving features of type [CoordSys] from 2.03.57.03.062001轴承钢定位销（φ6x20负公差0-0.01）-1
2026-04-22 09:08:11,231 INFO  ExportHelperExtension.cs: 1136 - Found 19 in 2.03.57.03.062001轴承钢定位销（φ6x20负公差0-0.01）-1
2026-04-22 09:08:11,232 INFO  ExportHelperExtension.cs: 1145 - Found 0 features of type [CoordSys] in 2.03.57.03.062001轴承钢定位销（φ6x20负公差0-0.01）-1
2026-04-22 09:08:11,232 INFO  ExportHelperExtension.cs: 1125 - Retrieving features of type [CoordSys] from 2.02.03.07.020341挤压角座（怡合达ABC01-206-20-34）-1
2026-04-22 09:08:11,232 INFO  ExportHelperExtension.cs: 1136 - Found 19 in 2.02.03.07.020341挤压角座（怡合达ABC01-206-20-34）-1
2026-04-22 09:08:11,233 INFO  ExportHelperExtension.cs: 1145 - Found 0 features of type [CoordSys] in 2.02.03.07.020341挤压角座（怡合达ABC01-206-20-34）-1
2026-04-22 09:08:11,233 INFO  ExportHelperExtension.cs: 1125 - Retrieving features of type [CoordSys] from 软袋吸盘（STP35-G2F内螺丝蓝色)-2
2026-04-22 09:08:11,234 INFO  ExportHelperExtension.cs: 1136 - Found 81 in 软袋吸盘（STP35-G2F内螺丝蓝色)-2
2026-04-22 09:08:11,234 INFO  ExportHelperExtension.cs: 1145 - Found 0 features of type [CoordSys] in 软袋吸盘（STP35-G2F内螺丝蓝色)-2
2026-04-22 09:08:11,234 INFO  ExportHelperExtension.cs: 1125 - Retrieving features of type [CoordSys] from 3.252021.0C.02.80金具-1
2026-04-22 09:08:11,235 INFO  ExportHelperExtension.cs: 1136 - Found 19 in 3.252021.0C.02.80金具-1
2026-04-22 09:08:11,235 INFO  ExportHelperExtension.cs: 1145 - Found 0 features of type [CoordSys] in 3.252021.0C.02.80金具-1
2026-04-22 09:08:11,236 INFO  ExportHelperExtension.cs: 1125 - Retrieving features of type [CoordSys] from 3.252021.0C.02.78连接板B-1
2026-04-22 09:08:11,236 INFO  ExportHelperExtension.cs: 1136 - Found 19 in 3.252021.0C.02.78连接板B-1
2026-04-22 09:08:11,236 INFO  ExportHelperExtension.cs: 1145 - Found 0 features of type [CoordSys] in 3.252021.0C.02.78连接板B-1
2026-04-22 09:08:11,237 INFO  ExportHelperExtension.cs: 1125 - Retrieving features of type [CoordSys] from 252021 PL801-2
2026-04-22 09:08:11,237 INFO  ExportHelperExtension.cs: 1136 - Found 19 in 252021 PL801-2
2026-04-22 09:08:11,237 INFO  ExportHelperExtension.cs: 1145 - Found 0 features of type [CoordSys] in 252021 PL801-2
2026-04-22 09:08:11,238 INFO  ExportHelperExtension.cs: 1125 - Retrieving features of type [CoordSys] from 3.252021.0C.02.81金具B-1
2026-04-22 09:08:11,238 INFO  ExportHelperExtension.cs: 1136 - Found 19 in 3.252021.0C.02.81金具B-1
2026-04-22 09:08:11,238 INFO  ExportHelperExtension.cs: 1145 - Found 0 features of type [CoordSys] in 3.252021.0C.02.81金具B-1
2026-04-22 09:08:11,239 INFO  ExportHelperExtension.cs: 1125 - Retrieving features of type [CoordSys] from 3.252021.0C.02.65真空发生器固定板-1
2026-04-22 09:08:11,239 INFO  ExportHelperExtension.cs: 1136 - Found 19 in 3.252021.0C.02.65真空发生器固定板-1
2026-04-22 09:08:11,239 INFO  ExportHelperExtension.cs: 1145 - Found 0 features of type [CoordSys] in 3.252021.0C.02.65真空发生器固定板-1
2026-04-22 09:08:11,240 INFO  ExportHelperExtension.cs: 1125 - Retrieving features of type [CoordSys] from 风琴软袋吸盘（ZP3P-T20JT5SF-AG01吸盘附件带接头）-1
2026-04-22 09:08:11,240 INFO  ExportHelperExtension.cs: 1136 - Found 20 in 风琴软袋吸盘（ZP3P-T20JT5SF-AG01吸盘附件带接头）-1
2026-04-22 09:08:11,241 INFO  ExportHelperExtension.cs: 1145 - Found 0 features of type [CoordSys] in 风琴软袋吸盘（ZP3P-T20JT5SF-AG01吸盘附件带接头）-1
2026-04-22 09:08:11,241 INFO  ExportHelperExtension.cs: 1125 - Retrieving features of type [CoordSys] from 2.03.05.01.012101薄型螺母M12x1.0-2
2026-04-22 09:08:11,241 INFO  ExportHelperExtension.cs: 1136 - Found 19 in 2.03.05.01.012101薄型螺母M12x1.0-2
2026-04-22 09:08:11,242 INFO  ExportHelperExtension.cs: 1145 - Found 0 features of type [CoordSys] in 2.03.05.01.012101薄型螺母M12x1.0-2
2026-04-22 09:08:11,242 INFO  ExportHelperExtension.cs: 1125 - Retrieving features of type [CoordSys] from 2.03.05.01.012101薄型螺母M12x1.0-3
2026-04-22 09:08:11,242 INFO  ExportHelperExtension.cs: 1136 - Found 19 in 2.03.05.01.012101薄型螺母M12x1.0-3
2026-04-22 09:08:11,243 INFO  ExportHelperExtension.cs: 1145 - Found 0 features of type [CoordSys] in 2.03.05.01.012101薄型螺母M12x1.0-3
2026-04-22 09:08:11,243 INFO  ExportHelperExtension.cs: 1125 - Retrieving features of type [CoordSys] from 2.03.05.01.012101薄型螺母M12x1.0-1
2026-04-22 09:08:11,243 INFO  ExportHelperExtension.cs: 1136 - Found 19 in 2.03.05.01.012101薄型螺母M12x1.0-1
2026-04-22 09:08:11,243 INFO  ExportHelperExtension.cs: 1145 - Found 0 features of type [CoordSys] in 2.03.05.01.012101薄型螺母M12x1.0-1
2026-04-22 09:08:11,244 INFO  ExportHelperExtension.cs: 1125 - Retrieving features of type [CoordSys] from 3.252021.0C.02.79吸盘固定杆-1
2026-04-22 09:08:11,244 INFO  ExportHelperExtension.cs: 1136 - Found 21 in 3.252021.0C.02.79吸盘固定杆-1
2026-04-22 09:08:11,245 INFO  ExportHelperExtension.cs: 1145 - Found 0 features of type [CoordSys] in 3.252021.0C.02.79吸盘固定杆-1
2026-04-22 09:08:11,245 INFO  ExportHelperExtension.cs: 1125 - Retrieving features of type [CoordSys] from 3.252021.0C.02.78连接板B-2
2026-04-22 09:08:11,245 INFO  ExportHelperExtension.cs: 1136 - Found 19 in 3.252021.0C.02.78连接板B-2
2026-04-22 09:08:11,246 INFO  ExportHelperExtension.cs: 1145 - Found 0 features of type [CoordSys] in 3.252021.0C.02.78连接板B-2
2026-04-22 09:08:11,246 INFO  ExportHelperExtension.cs: 1125 - Retrieving features of type [CoordSys] from 252021 PL801-1
2026-04-22 09:08:11,246 INFO  ExportHelperExtension.cs: 1136 - Found 19 in 252021 PL801-1
2026-04-22 09:08:11,246 INFO  ExportHelperExtension.cs: 1145 - Found 0 features of type [CoordSys] in 252021 PL801-1
2026-04-22 09:08:11,247 INFO  ExportHelperExtension.cs: 1125 - Retrieving features of type [CoordSys] from 3.252021.0C.02.65真空发生器固定板-2
2026-04-22 09:08:11,247 INFO  ExportHelperExtension.cs: 1136 - Found 19 in 3.252021.0C.02.65真空发生器固定板-2
2026-04-22 09:08:11,247 INFO  ExportHelperExtension.cs: 1145 - Found 0 features of type [CoordSys] in 3.252021.0C.02.65真空发生器固定板-2
2026-04-22 09:08:11,248 INFO  ExportHelperExtension.cs: 1125 - Retrieving features of type [CoordSys] from 软袋吸盘（STP35-G2F内螺丝蓝色)-1
2026-04-22 09:08:11,248 INFO  ExportHelperExtension.cs: 1136 - Found 81 in 软袋吸盘（STP35-G2F内螺丝蓝色)-1
2026-04-22 09:08:11,248 INFO  ExportHelperExtension.cs: 1145 - Found 0 features of type [CoordSys] in 软袋吸盘（STP35-G2F内螺丝蓝色)-1
2026-04-22 09:08:11,249 INFO  ExportHelperExtension.cs: 1125 - Retrieving features of type [CoordSys] from 2.02.08.01.030001多级真空发生器（BM30-B内置消音器）供应商八达路信茂，根据实物测绘-1
2026-04-22 09:08:11,249 INFO  ExportHelperExtension.cs: 1136 - Found 21 in 2.02.08.01.030001多级真空发生器（BM30-B内置消音器）供应商八达路信茂，根据实物测绘-1
2026-04-22 09:08:11,250 INFO  ExportHelperExtension.cs: 1145 - Found 0 features of type [CoordSys] in 2.02.08.01.030001多级真空发生器（BM30-B内置消音器）供应商八达路信茂，根据实物测绘-1
2026-04-22 09:08:11,250 INFO  ExportHelperExtension.cs: 1125 - Retrieving features of type [CoordSys] from 3.252021.0C.02.80金具-2
2026-04-22 09:08:11,250 INFO  ExportHelperExtension.cs: 1136 - Found 19 in 3.252021.0C.02.80金具-2
2026-04-22 09:08:11,250 INFO  ExportHelperExtension.cs: 1145 - Found 0 features of type [CoordSys] in 3.252021.0C.02.80金具-2
2026-04-22 09:08:11,251 INFO  ExportHelperExtension.cs: 1125 - Retrieving features of type [CoordSys] from 真空压力表（SMC-ZSE20-N-01-LA1）-1
2026-04-22 09:08:11,251 INFO  ExportHelperExtension.cs: 1136 - Found 21 in 真空压力表（SMC-ZSE20-N-01-LA1）-1
2026-04-22 09:08:11,252 INFO  ExportHelperExtension.cs: 1145 - Found 0 features of type [CoordSys] in 真空压力表（SMC-ZSE20-N-01-LA1）-1
2026-04-22 09:08:11,252 INFO  ExportHelperExtension.cs: 1125 - Retrieving features of type [CoordSys] from 2.02.08.01.030001多级真空发生器（BM30-B内置消音器）供应商八达路信茂，根据实物测绘-2
2026-04-22 09:08:11,252 INFO  ExportHelperExtension.cs: 1136 - Found 21 in 2.02.08.01.030001多级真空发生器（BM30-B内置消音器）供应商八达路信茂，根据实物测绘-2
2026-04-22 09:08:11,252 INFO  ExportHelperExtension.cs: 1145 - Found 0 features of type [CoordSys] in 2.02.08.01.030001多级真空发生器（BM30-B内置消音器）供应商八达路信茂，根据实物测绘-2
2026-04-22 09:08:11,253 INFO  ExportHelperExtension.cs: 1125 - Retrieving features of type [CoordSys] from 真空压力表（SMC-ZSE20-N-01-LA1）-2
2026-04-22 09:08:11,253 INFO  ExportHelperExtension.cs: 1136 - Found 21 in 真空压力表（SMC-ZSE20-N-01-LA1）-2
2026-04-22 09:08:11,253 INFO  ExportHelperExtension.cs: 1145 - Found 0 features of type [CoordSys] in 真空压力表（SMC-ZSE20-N-01-LA1）-2
2026-04-22 09:08:11,254 INFO  ExportHelperExtension.cs: 1125 - Retrieving features of type [RefAxis] from 夹吸组合夹具
2026-04-22 09:08:11,254 INFO  ExportHelperExtension.cs: 1136 - Found 45 in 夹吸组合夹具
2026-04-22 09:08:11,254 INFO  ExportHelperExtension.cs: 1145 - Found 0 features of type [RefAxis] in 夹吸组合夹具
2026-04-22 09:08:11,255 INFO  ExportHelperExtension.cs: 1148 - Proceeding through assembly components
2026-04-22 09:08:11,255 INFO  ExportHelperExtension.cs: 1160 - 26 components to check
2026-04-22 09:08:11,255 INFO  ExportHelperExtension.cs: 1125 - Retrieving features of type [RefAxis] from 3.252021.0C.02.75连接杆B_默认_按加工_-1
2026-04-22 09:08:11,255 INFO  ExportHelperExtension.cs: 1136 - Found 19 in 3.252021.0C.02.75连接杆B_默认_按加工_-1
2026-04-22 09:08:11,256 INFO  ExportHelperExtension.cs: 1145 - Found 0 features of type [RefAxis] in 3.252021.0C.02.75连接杆B_默认_按加工_-1
2026-04-22 09:08:11,256 INFO  ExportHelperExtension.cs: 1125 - Retrieving features of type [RefAxis] from 3.252021.0A.02.29固定板-1
2026-04-22 09:08:11,256 INFO  ExportHelperExtension.cs: 1136 - Found 19 in 3.252021.0A.02.29固定板-1
2026-04-22 09:08:11,257 INFO  ExportHelperExtension.cs: 1145 - Found 0 features of type [RefAxis] in 3.252021.0A.02.29固定板-1
2026-04-22 09:08:11,257 INFO  ExportHelperExtension.cs: 1125 - Retrieving features of type [RefAxis] from 3.252021.0C.02.63机器人连接板B-1
2026-04-22 09:08:11,257 INFO  ExportHelperExtension.cs: 1136 - Found 19 in 3.252021.0C.02.63机器人连接板B-1
2026-04-22 09:08:11,258 INFO  ExportHelperExtension.cs: 1145 - Found 0 features of type [RefAxis] in 3.252021.0C.02.63机器人连接板B-1
2026-04-22 09:08:11,258 INFO  ExportHelperExtension.cs: 1125 - Retrieving features of type [RefAxis] from 3.252021.0C.02.64治具连接板-1
2026-04-22 09:08:11,258 INFO  ExportHelperExtension.cs: 1136 - Found 19 in 3.252021.0C.02.64治具连接板-1
2026-04-22 09:08:11,258 INFO  ExportHelperExtension.cs: 1145 - Found 0 features of type [RefAxis] in 3.252021.0C.02.64治具连接板-1
2026-04-22 09:08:11,259 INFO  ExportHelperExtension.cs: 1125 - Retrieving features of type [RefAxis] from 2.03.57.03.062001轴承钢定位销（φ6x20负公差0-0.01）-1
2026-04-22 09:08:11,259 INFO  ExportHelperExtension.cs: 1136 - Found 19 in 2.03.57.03.062001轴承钢定位销（φ6x20负公差0-0.01）-1
2026-04-22 09:08:11,259 INFO  ExportHelperExtension.cs: 1145 - Found 0 features of type [RefAxis] in 2.03.57.03.062001轴承钢定位销（φ6x20负公差0-0.01）-1
2026-04-22 09:08:11,260 INFO  ExportHelperExtension.cs: 1125 - Retrieving features of type [RefAxis] from 2.02.03.07.020341挤压角座（怡合达ABC01-206-20-34）-1
2026-04-22 09:08:11,261 INFO  ExportHelperExtension.cs: 1136 - Found 19 in 2.02.03.07.020341挤压角座（怡合达ABC01-206-20-34）-1
2026-04-22 09:08:11,261 INFO  ExportHelperExtension.cs: 1145 - Found 0 features of type [RefAxis] in 2.02.03.07.020341挤压角座（怡合达ABC01-206-20-34）-1
2026-04-22 09:08:11,261 INFO  ExportHelperExtension.cs: 1125 - Retrieving features of type [RefAxis] from 软袋吸盘（STP35-G2F内螺丝蓝色)-2
2026-04-22 09:08:11,262 INFO  ExportHelperExtension.cs: 1136 - Found 81 in 软袋吸盘（STP35-G2F内螺丝蓝色)-2
2026-04-22 09:08:11,262 INFO  ExportHelperExtension.cs: 1145 - Found 0 features of type [RefAxis] in 软袋吸盘（STP35-G2F内螺丝蓝色)-2
2026-04-22 09:08:11,262 INFO  ExportHelperExtension.cs: 1125 - Retrieving features of type [RefAxis] from 3.252021.0C.02.80金具-1
2026-04-22 09:08:11,263 INFO  ExportHelperExtension.cs: 1136 - Found 19 in 3.252021.0C.02.80金具-1
2026-04-22 09:08:11,263 INFO  ExportHelperExtension.cs: 1145 - Found 0 features of type [RefAxis] in 3.252021.0C.02.80金具-1
2026-04-22 09:08:11,263 INFO  ExportHelperExtension.cs: 1125 - Retrieving features of type [RefAxis] from 3.252021.0C.02.78连接板B-1
2026-04-22 09:08:11,263 INFO  ExportHelperExtension.cs: 1136 - Found 19 in 3.252021.0C.02.78连接板B-1
2026-04-22 09:08:11,264 INFO  ExportHelperExtension.cs: 1145 - Found 0 features of type [RefAxis] in 3.252021.0C.02.78连接板B-1
2026-04-22 09:08:11,264 INFO  ExportHelperExtension.cs: 1125 - Retrieving features of type [RefAxis] from 252021 PL801-2
2026-04-22 09:08:11,264 INFO  ExportHelperExtension.cs: 1136 - Found 19 in 252021 PL801-2
2026-04-22 09:08:11,265 INFO  ExportHelperExtension.cs: 1145 - Found 0 features of type [RefAxis] in 252021 PL801-2
2026-04-22 09:08:11,265 INFO  ExportHelperExtension.cs: 1125 - Retrieving features of type [RefAxis] from 3.252021.0C.02.81金具B-1
2026-04-22 09:08:11,265 INFO  ExportHelperExtension.cs: 1136 - Found 19 in 3.252021.0C.02.81金具B-1
2026-04-22 09:08:11,266 INFO  ExportHelperExtension.cs: 1145 - Found 0 features of type [RefAxis] in 3.252021.0C.02.81金具B-1
2026-04-22 09:08:11,266 INFO  ExportHelperExtension.cs: 1125 - Retrieving features of type [RefAxis] from 3.252021.0C.02.65真空发生器固定板-1
2026-04-22 09:08:11,266 INFO  ExportHelperExtension.cs: 1136 - Found 19 in 3.252021.0C.02.65真空发生器固定板-1
2026-04-22 09:08:11,267 INFO  ExportHelperExtension.cs: 1145 - Found 0 features of type [RefAxis] in 3.252021.0C.02.65真空发生器固定板-1
2026-04-22 09:08:11,267 INFO  ExportHelperExtension.cs: 1125 - Retrieving features of type [RefAxis] from 风琴软袋吸盘（ZP3P-T20JT5SF-AG01吸盘附件带接头）-1
2026-04-22 09:08:11,267 INFO  ExportHelperExtension.cs: 1136 - Found 20 in 风琴软袋吸盘（ZP3P-T20JT5SF-AG01吸盘附件带接头）-1
2026-04-22 09:08:11,268 INFO  ExportHelperExtension.cs: 1145 - Found 0 features of type [RefAxis] in 风琴软袋吸盘（ZP3P-T20JT5SF-AG01吸盘附件带接头）-1
2026-04-22 09:08:11,268 INFO  ExportHelperExtension.cs: 1125 - Retrieving features of type [RefAxis] from 2.03.05.01.012101薄型螺母M12x1.0-2
2026-04-22 09:08:11,268 INFO  ExportHelperExtension.cs: 1136 - Found 19 in 2.03.05.01.012101薄型螺母M12x1.0-2
2026-04-22 09:08:11,269 INFO  ExportHelperExtension.cs: 1145 - Found 0 features of type [RefAxis] in 2.03.05.01.012101薄型螺母M12x1.0-2
2026-04-22 09:08:11,269 INFO  ExportHelperExtension.cs: 1125 - Retrieving features of type [RefAxis] from 2.03.05.01.012101薄型螺母M12x1.0-3
2026-04-22 09:08:11,269 INFO  ExportHelperExtension.cs: 1136 - Found 19 in 2.03.05.01.012101薄型螺母M12x1.0-3
2026-04-22 09:08:11,269 INFO  ExportHelperExtension.cs: 1145 - Found 0 features of type [RefAxis] in 2.03.05.01.012101薄型螺母M12x1.0-3
2026-04-22 09:08:11,270 INFO  ExportHelperExtension.cs: 1125 - Retrieving features of type [RefAxis] from 2.03.05.01.012101薄型螺母M12x1.0-1
2026-04-22 09:08:11,270 INFO  ExportHelperExtension.cs: 1136 - Found 19 in 2.03.05.01.012101薄型螺母M12x1.0-1
2026-04-22 09:08:11,270 INFO  ExportHelperExtension.cs: 1145 - Found 0 features of type [RefAxis] in 2.03.05.01.012101薄型螺母M12x1.0-1
2026-04-22 09:08:11,271 INFO  ExportHelperExtension.cs: 1125 - Retrieving features of type [RefAxis] from 3.252021.0C.02.79吸盘固定杆-1
2026-04-22 09:08:11,271 INFO  ExportHelperExtension.cs: 1136 - Found 21 in 3.252021.0C.02.79吸盘固定杆-1
2026-04-22 09:08:11,271 INFO  ExportHelperExtension.cs: 1145 - Found 0 features of type [RefAxis] in 3.252021.0C.02.79吸盘固定杆-1
2026-04-22 09:08:11,272 INFO  ExportHelperExtension.cs: 1125 - Retrieving features of type [RefAxis] from 3.252021.0C.02.78连接板B-2
2026-04-22 09:08:11,272 INFO  ExportHelperExtension.cs: 1136 - Found 19 in 3.252021.0C.02.78连接板B-2
2026-04-22 09:08:11,272 INFO  ExportHelperExtension.cs: 1145 - Found 0 features of type [RefAxis] in 3.252021.0C.02.78连接板B-2
2026-04-22 09:08:11,272 INFO  ExportHelperExtension.cs: 1125 - Retrieving features of type [RefAxis] from 252021 PL801-1
2026-04-22 09:08:11,273 INFO  ExportHelperExtension.cs: 1136 - Found 19 in 252021 PL801-1
2026-04-22 09:08:11,273 INFO  ExportHelperExtension.cs: 1145 - Found 0 features of type [RefAxis] in 252021 PL801-1
2026-04-22 09:08:11,273 INFO  ExportHelperExtension.cs: 1125 - Retrieving features of type [RefAxis] from 3.252021.0C.02.65真空发生器固定板-2
2026-04-22 09:08:11,274 INFO  ExportHelperExtension.cs: 1136 - Found 19 in 3.252021.0C.02.65真空发生器固定板-2
2026-04-22 09:08:11,274 INFO  ExportHelperExtension.cs: 1145 - Found 0 features of type [RefAxis] in 3.252021.0C.02.65真空发生器固定板-2
2026-04-22 09:08:11,274 INFO  ExportHelperExtension.cs: 1125 - Retrieving features of type [RefAxis] from 软袋吸盘（STP35-G2F内螺丝蓝色)-1
2026-04-22 09:08:11,275 INFO  ExportHelperExtension.cs: 1136 - Found 81 in 软袋吸盘（STP35-G2F内螺丝蓝色)-1
2026-04-22 09:08:11,275 INFO  ExportHelperExtension.cs: 1145 - Found 0 features of type [RefAxis] in 软袋吸盘（STP35-G2F内螺丝蓝色)-1
2026-04-22 09:08:11,275 INFO  ExportHelperExtension.cs: 1125 - Retrieving features of type [RefAxis] from 2.02.08.01.030001多级真空发生器（BM30-B内置消音器）供应商八达路信茂，根据实物测绘-1
2026-04-22 09:08:11,276 INFO  ExportHelperExtension.cs: 1136 - Found 21 in 2.02.08.01.030001多级真空发生器（BM30-B内置消音器）供应商八达路信茂，根据实物测绘-1
2026-04-22 09:08:11,276 INFO  ExportHelperExtension.cs: 1145 - Found 0 features of type [RefAxis] in 2.02.08.01.030001多级真空发生器（BM30-B内置消音器）供应商八达路信茂，根据实物测绘-1
2026-04-22 09:08:11,276 INFO  ExportHelperExtension.cs: 1125 - Retrieving features of type [RefAxis] from 3.252021.0C.02.80金具-2
2026-04-22 09:08:11,276 INFO  ExportHelperExtension.cs: 1136 - Found 19 in 3.252021.0C.02.80金具-2
2026-04-22 09:08:11,277 INFO  ExportHelperExtension.cs: 1145 - Found 0 features of type [RefAxis] in 3.252021.0C.02.80金具-2
2026-04-22 09:08:11,277 INFO  ExportHelperExtension.cs: 1125 - Retrieving features of type [RefAxis] from 真空压力表（SMC-ZSE20-N-01-LA1）-1
2026-04-22 09:08:11,277 INFO  ExportHelperExtension.cs: 1136 - Found 21 in 真空压力表（SMC-ZSE20-N-01-LA1）-1
2026-04-22 09:08:11,286 INFO  ExportHelperExtension.cs: 1145 - Found 0 features of type [RefAxis] in 真空压力表（SMC-ZSE20-N-01-LA1）-1
2026-04-22 09:08:11,311 INFO  ExportHelperExtension.cs: 1125 - Retrieving features of type [RefAxis] from 2.02.08.01.030001多级真空发生器（BM30-B内置消音器）供应商八达路信茂，根据实物测绘-2
2026-04-22 09:08:11,311 INFO  ExportHelperExtension.cs: 1136 - Found 21 in 2.02.08.01.030001多级真空发生器（BM30-B内置消音器）供应商八达路信茂，根据实物测绘-2
2026-04-22 09:08:11,312 INFO  ExportHelperExtension.cs: 1145 - Found 0 features of type [RefAxis] in 2.02.08.01.030001多级真空发生器（BM30-B内置消音器）供应商八达路信茂，根据实物测绘-2
2026-04-22 09:08:11,312 INFO  ExportHelperExtension.cs: 1125 - Retrieving features of type [RefAxis] from 真空压力表（SMC-ZSE20-N-01-LA1）-2
2026-04-22 09:08:11,312 INFO  ExportHelperExtension.cs: 1136 - Found 21 in 真空压力表（SMC-ZSE20-N-01-LA1）-2
2026-04-22 09:08:11,313 INFO  ExportHelperExtension.cs: 1145 - Found 0 features of type [RefAxis] in 真空压力表（SMC-ZSE20-N-01-LA1）-2
2026-04-22 09:08:11,491 INFO  SwAddin.cs: 339 - Loading config tree
2026-04-22 09:08:11,492 INFO  ExportPropertyManagerExtension.cs: 520 - Starting new configuration
2026-04-22 09:08:11,493 INFO  SwAddin.cs: 344 - Showing property manager
2026-04-22 09:08:47,603 INFO  ExportPropertyManager.cs: 1018 - OnComboboxSelectionChanged called. This method no longer throws an Exception. It just silently does nothing. Ok, except for this logging message
2026-04-22 09:13:51,260 INFO  ExportPropertyManager.cs: 1036 - OnListboxSelectionChanged called. This method no longer throws an Exception. It just silently does nothing. Ok, except for this logging message
2026-04-22 09:13:56,439 INFO  ExportPropertyManager.cs: 1036 - OnListboxSelectionChanged called. This method no longer throws an Exception. It just silently does nothing. Ok, except for this logging message
2026-04-22 09:13:56,866 INFO  ExportPropertyManager.cs: 1036 - OnListboxSelectionChanged called. This method no longer throws an Exception. It just silently does nothing. Ok, except for this logging message
2026-04-22 09:14:09,651 INFO  ExportPropertyManager.cs: 422 - Configuration saved
2026-04-22 09:14:09,896 INFO  ExportPropertyManager.cs: 1142 - AfterClose called. This method no longer throws an Exception. It just silently does nothing. Ok, except for this logging message
2026-04-22 09:15:29,733 INFO  SwAddin.cs: 294 - Assembly export called for file 夹吸组合夹具
2026-04-22 09:15:29,734 INFO  SwAddin.cs: 299 - Save is required
2026-04-22 09:15:29,734 INFO  SwAddin.cs: 313 - Saving assembly
2026-04-22 09:15:29,735 INFO  SwAddin.cs: 316 - Opening property manager
2026-04-22 09:15:29,735 INFO  ExportHelperExtension.cs: 1125 - Retrieving features of type [CoordSys] from 夹吸组合夹具
2026-04-22 09:15:29,735 INFO  ExportHelperExtension.cs: 1136 - Found 46 in 夹吸组合夹具
2026-04-22 09:15:29,736 INFO  ExportHelperExtension.cs: 1145 - Found 1 features of type [CoordSys] in 夹吸组合夹具
2026-04-22 09:15:29,736 INFO  ExportHelperExtension.cs: 1148 - Proceeding through assembly components
2026-04-22 09:15:29,736 INFO  ExportHelperExtension.cs: 1160 - 26 components to check
2026-04-22 09:15:29,737 INFO  ExportHelperExtension.cs: 1125 - Retrieving features of type [CoordSys] from 3.252021.0C.02.75连接杆B_默认_按加工_-1
2026-04-22 09:15:29,737 INFO  ExportHelperExtension.cs: 1136 - Found 19 in 3.252021.0C.02.75连接杆B_默认_按加工_-1
2026-04-22 09:15:29,738 INFO  ExportHelperExtension.cs: 1145 - Found 0 features of type [CoordSys] in 3.252021.0C.02.75连接杆B_默认_按加工_-1
2026-04-22 09:15:29,738 INFO  ExportHelperExtension.cs: 1125 - Retrieving features of type [CoordSys] from 3.252021.0A.02.29固定板-1
2026-04-22 09:15:29,738 INFO  ExportHelperExtension.cs: 1136 - Found 19 in 3.252021.0A.02.29固定板-1
2026-04-22 09:15:29,739 INFO  ExportHelperExtension.cs: 1145 - Found 0 features of type [CoordSys] in 3.252021.0A.02.29固定板-1
2026-04-22 09:15:29,739 INFO  ExportHelperExtension.cs: 1125 - Retrieving features of type [CoordSys] from 3.252021.0C.02.63机器人连接板B-1
2026-04-22 09:15:29,740 INFO  ExportHelperExtension.cs: 1136 - Found 19 in 3.252021.0C.02.63机器人连接板B-1
2026-04-22 09:15:29,740 INFO  ExportHelperExtension.cs: 1145 - Found 0 features of type [CoordSys] in 3.252021.0C.02.63机器人连接板B-1
2026-04-22 09:15:29,740 INFO  ExportHelperExtension.cs: 1125 - Retrieving features of type [CoordSys] from 3.252021.0C.02.64治具连接板-1
2026-04-22 09:15:29,741 INFO  ExportHelperExtension.cs: 1136 - Found 19 in 3.252021.0C.02.64治具连接板-1
2026-04-22 09:15:29,741 INFO  ExportHelperExtension.cs: 1145 - Found 0 features of type [CoordSys] in 3.252021.0C.02.64治具连接板-1
2026-04-22 09:15:29,741 INFO  ExportHelperExtension.cs: 1125 - Retrieving features of type [CoordSys] from 2.03.57.03.062001轴承钢定位销（φ6x20负公差0-0.01）-1
2026-04-22 09:15:29,742 INFO  ExportHelperExtension.cs: 1136 - Found 19 in 2.03.57.03.062001轴承钢定位销（φ6x20负公差0-0.01）-1
2026-04-22 09:15:29,742 INFO  ExportHelperExtension.cs: 1145 - Found 0 features of type [CoordSys] in 2.03.57.03.062001轴承钢定位销（φ6x20负公差0-0.01）-1
2026-04-22 09:15:29,743 INFO  ExportHelperExtension.cs: 1125 - Retrieving features of type [CoordSys] from 2.02.03.07.020341挤压角座（怡合达ABC01-206-20-34）-1
2026-04-22 09:15:29,743 INFO  ExportHelperExtension.cs: 1136 - Found 19 in 2.02.03.07.020341挤压角座（怡合达ABC01-206-20-34）-1
2026-04-22 09:15:29,743 INFO  ExportHelperExtension.cs: 1145 - Found 0 features of type [CoordSys] in 2.02.03.07.020341挤压角座（怡合达ABC01-206-20-34）-1
2026-04-22 09:15:29,744 INFO  ExportHelperExtension.cs: 1125 - Retrieving features of type [CoordSys] from 软袋吸盘（STP35-G2F内螺丝蓝色)-2
2026-04-22 09:15:29,744 INFO  ExportHelperExtension.cs: 1136 - Found 81 in 软袋吸盘（STP35-G2F内螺丝蓝色)-2
2026-04-22 09:15:29,745 INFO  ExportHelperExtension.cs: 1145 - Found 0 features of type [CoordSys] in 软袋吸盘（STP35-G2F内螺丝蓝色)-2
2026-04-22 09:15:29,745 INFO  ExportHelperExtension.cs: 1125 - Retrieving features of type [CoordSys] from 3.252021.0C.02.80金具-1
2026-04-22 09:15:29,746 INFO  ExportHelperExtension.cs: 1136 - Found 19 in 3.252021.0C.02.80金具-1
2026-04-22 09:15:29,746 INFO  ExportHelperExtension.cs: 1145 - Found 0 features of type [CoordSys] in 3.252021.0C.02.80金具-1
2026-04-22 09:15:29,747 INFO  ExportHelperExtension.cs: 1125 - Retrieving features of type [CoordSys] from 3.252021.0C.02.78连接板B-1
2026-04-22 09:15:29,747 INFO  ExportHelperExtension.cs: 1136 - Found 19 in 3.252021.0C.02.78连接板B-1
2026-04-22 09:15:29,747 INFO  ExportHelperExtension.cs: 1145 - Found 0 features of type [CoordSys] in 3.252021.0C.02.78连接板B-1
2026-04-22 09:15:29,748 INFO  ExportHelperExtension.cs: 1125 - Retrieving features of type [CoordSys] from 252021 PL801-2
2026-04-22 09:15:29,748 INFO  ExportHelperExtension.cs: 1136 - Found 19 in 252021 PL801-2
2026-04-22 09:15:29,748 INFO  ExportHelperExtension.cs: 1145 - Found 0 features of type [CoordSys] in 252021 PL801-2
2026-04-22 09:15:29,749 INFO  ExportHelperExtension.cs: 1125 - Retrieving features of type [CoordSys] from 3.252021.0C.02.81金具B-1
2026-04-22 09:15:29,749 INFO  ExportHelperExtension.cs: 1136 - Found 19 in 3.252021.0C.02.81金具B-1
2026-04-22 09:15:29,750 INFO  ExportHelperExtension.cs: 1145 - Found 0 features of type [CoordSys] in 3.252021.0C.02.81金具B-1
2026-04-22 09:15:29,750 INFO  ExportHelperExtension.cs: 1125 - Retrieving features of type [CoordSys] from 3.252021.0C.02.65真空发生器固定板-1
2026-04-22 09:15:29,750 INFO  ExportHelperExtension.cs: 1136 - Found 19 in 3.252021.0C.02.65真空发生器固定板-1
2026-04-22 09:15:29,751 INFO  ExportHelperExtension.cs: 1145 - Found 0 features of type [CoordSys] in 3.252021.0C.02.65真空发生器固定板-1
2026-04-22 09:15:29,751 INFO  ExportHelperExtension.cs: 1125 - Retrieving features of type [CoordSys] from 风琴软袋吸盘（ZP3P-T20JT5SF-AG01吸盘附件带接头）-1
2026-04-22 09:15:29,751 INFO  ExportHelperExtension.cs: 1136 - Found 20 in 风琴软袋吸盘（ZP3P-T20JT5SF-AG01吸盘附件带接头）-1
2026-04-22 09:15:29,752 INFO  ExportHelperExtension.cs: 1145 - Found 0 features of type [CoordSys] in 风琴软袋吸盘（ZP3P-T20JT5SF-AG01吸盘附件带接头）-1
2026-04-22 09:15:29,752 INFO  ExportHelperExtension.cs: 1125 - Retrieving features of type [CoordSys] from 2.03.05.01.012101薄型螺母M12x1.0-2
2026-04-22 09:15:29,753 INFO  ExportHelperExtension.cs: 1136 - Found 19 in 2.03.05.01.012101薄型螺母M12x1.0-2
2026-04-22 09:15:29,753 INFO  ExportHelperExtension.cs: 1145 - Found 0 features of type [CoordSys] in 2.03.05.01.012101薄型螺母M12x1.0-2
2026-04-22 09:15:29,753 INFO  ExportHelperExtension.cs: 1125 - Retrieving features of type [CoordSys] from 2.03.05.01.012101薄型螺母M12x1.0-3
2026-04-22 09:15:29,754 INFO  ExportHelperExtension.cs: 1136 - Found 19 in 2.03.05.01.012101薄型螺母M12x1.0-3
2026-04-22 09:15:29,754 INFO  ExportHelperExtension.cs: 1145 - Found 0 features of type [CoordSys] in 2.03.05.01.012101薄型螺母M12x1.0-3
2026-04-22 09:15:29,754 INFO  ExportHelperExtension.cs: 1125 - Retrieving features of type [CoordSys] from 2.03.05.01.012101薄型螺母M12x1.0-1
2026-04-22 09:15:29,754 INFO  ExportHelperExtension.cs: 1136 - Found 19 in 2.03.05.01.012101薄型螺母M12x1.0-1
2026-04-22 09:15:29,755 INFO  ExportHelperExtension.cs: 1145 - Found 0 features of type [CoordSys] in 2.03.05.01.012101薄型螺母M12x1.0-1
2026-04-22 09:15:29,755 INFO  ExportHelperExtension.cs: 1125 - Retrieving features of type [CoordSys] from 3.252021.0C.02.79吸盘固定杆-1
2026-04-22 09:15:29,756 INFO  ExportHelperExtension.cs: 1136 - Found 21 in 3.252021.0C.02.79吸盘固定杆-1
2026-04-22 09:15:29,756 INFO  ExportHelperExtension.cs: 1145 - Found 0 features of type [CoordSys] in 3.252021.0C.02.79吸盘固定杆-1
2026-04-22 09:15:29,756 INFO  ExportHelperExtension.cs: 1125 - Retrieving features of type [CoordSys] from 3.252021.0C.02.78连接板B-2
2026-04-22 09:15:29,757 INFO  ExportHelperExtension.cs: 1136 - Found 19 in 3.252021.0C.02.78连接板B-2
2026-04-22 09:15:29,757 INFO  ExportHelperExtension.cs: 1145 - Found 0 features of type [CoordSys] in 3.252021.0C.02.78连接板B-2
2026-04-22 09:15:29,757 INFO  ExportHelperExtension.cs: 1125 - Retrieving features of type [CoordSys] from 252021 PL801-1
2026-04-22 09:15:29,758 INFO  ExportHelperExtension.cs: 1136 - Found 19 in 252021 PL801-1
2026-04-22 09:15:29,758 INFO  ExportHelperExtension.cs: 1145 - Found 0 features of type [CoordSys] in 252021 PL801-1
2026-04-22 09:15:29,758 INFO  ExportHelperExtension.cs: 1125 - Retrieving features of type [CoordSys] from 3.252021.0C.02.65真空发生器固定板-2
2026-04-22 09:15:29,758 INFO  ExportHelperExtension.cs: 1136 - Found 19 in 3.252021.0C.02.65真空发生器固定板-2
2026-04-22 09:15:29,759 INFO  ExportHelperExtension.cs: 1145 - Found 0 features of type [CoordSys] in 3.252021.0C.02.65真空发生器固定板-2
2026-04-22 09:15:29,759 INFO  ExportHelperExtension.cs: 1125 - Retrieving features of type [CoordSys] from 软袋吸盘（STP35-G2F内螺丝蓝色)-1
2026-04-22 09:15:29,759 INFO  ExportHelperExtension.cs: 1136 - Found 81 in 软袋吸盘（STP35-G2F内螺丝蓝色)-1
2026-04-22 09:15:29,760 INFO  ExportHelperExtension.cs: 1145 - Found 0 features of type [CoordSys] in 软袋吸盘（STP35-G2F内螺丝蓝色)-1
2026-04-22 09:15:29,760 INFO  ExportHelperExtension.cs: 1125 - Retrieving features of type [CoordSys] from 2.02.08.01.030001多级真空发生器（BM30-B内置消音器）供应商八达路信茂，根据实物测绘-1
2026-04-22 09:15:29,761 INFO  ExportHelperExtension.cs: 1136 - Found 21 in 2.02.08.01.030001多级真空发生器（BM30-B内置消音器）供应商八达路信茂，根据实物测绘-1
2026-04-22 09:15:29,761 INFO  ExportHelperExtension.cs: 1145 - Found 0 features of type [CoordSys] in 2.02.08.01.030001多级真空发生器（BM30-B内置消音器）供应商八达路信茂，根据实物测绘-1
2026-04-22 09:15:29,761 INFO  ExportHelperExtension.cs: 1125 - Retrieving features of type [CoordSys] from 3.252021.0C.02.80金具-2
2026-04-22 09:15:29,761 INFO  ExportHelperExtension.cs: 1136 - Found 19 in 3.252021.0C.02.80金具-2
2026-04-22 09:15:29,762 INFO  ExportHelperExtension.cs: 1145 - Found 0 features of type [CoordSys] in 3.252021.0C.02.80金具-2
2026-04-22 09:15:29,762 INFO  ExportHelperExtension.cs: 1125 - Retrieving features of type [CoordSys] from 真空压力表（SMC-ZSE20-N-01-LA1）-1
2026-04-22 09:15:29,762 INFO  ExportHelperExtension.cs: 1136 - Found 21 in 真空压力表（SMC-ZSE20-N-01-LA1）-1
2026-04-22 09:15:29,763 INFO  ExportHelperExtension.cs: 1145 - Found 0 features of type [CoordSys] in 真空压力表（SMC-ZSE20-N-01-LA1）-1
2026-04-22 09:15:29,763 INFO  ExportHelperExtension.cs: 1125 - Retrieving features of type [CoordSys] from 2.02.08.01.030001多级真空发生器（BM30-B内置消音器）供应商八达路信茂，根据实物测绘-2
2026-04-22 09:15:29,763 INFO  ExportHelperExtension.cs: 1136 - Found 21 in 2.02.08.01.030001多级真空发生器（BM30-B内置消音器）供应商八达路信茂，根据实物测绘-2
2026-04-22 09:15:29,764 INFO  ExportHelperExtension.cs: 1145 - Found 0 features of type [CoordSys] in 2.02.08.01.030001多级真空发生器（BM30-B内置消音器）供应商八达路信茂，根据实物测绘-2
2026-04-22 09:15:29,764 INFO  ExportHelperExtension.cs: 1125 - Retrieving features of type [CoordSys] from 真空压力表（SMC-ZSE20-N-01-LA1）-2
2026-04-22 09:15:29,768 INFO  ExportHelperExtension.cs: 1136 - Found 21 in 真空压力表（SMC-ZSE20-N-01-LA1）-2
2026-04-22 09:15:29,768 INFO  ExportHelperExtension.cs: 1145 - Found 0 features of type [CoordSys] in 真空压力表（SMC-ZSE20-N-01-LA1）-2
2026-04-22 09:15:29,769 INFO  ExportHelperExtension.cs: 1125 - Retrieving features of type [RefAxis] from 夹吸组合夹具
2026-04-22 09:15:29,769 INFO  ExportHelperExtension.cs: 1136 - Found 46 in 夹吸组合夹具
2026-04-22 09:15:29,769 INFO  ExportHelperExtension.cs: 1145 - Found 0 features of type [RefAxis] in 夹吸组合夹具
2026-04-22 09:15:29,770 INFO  ExportHelperExtension.cs: 1148 - Proceeding through assembly components
2026-04-22 09:15:29,770 INFO  ExportHelperExtension.cs: 1160 - 26 components to check
2026-04-22 09:15:29,785 INFO  ExportHelperExtension.cs: 1125 - Retrieving features of type [RefAxis] from 3.252021.0C.02.75连接杆B_默认_按加工_-1
2026-04-22 09:15:29,785 INFO  ExportHelperExtension.cs: 1136 - Found 19 in 3.252021.0C.02.75连接杆B_默认_按加工_-1
2026-04-22 09:15:29,786 INFO  ExportHelperExtension.cs: 1145 - Found 0 features of type [RefAxis] in 3.252021.0C.02.75连接杆B_默认_按加工_-1
2026-04-22 09:15:29,786 INFO  ExportHelperExtension.cs: 1125 - Retrieving features of type [RefAxis] from 3.252021.0A.02.29固定板-1
2026-04-22 09:15:29,787 INFO  ExportHelperExtension.cs: 1136 - Found 19 in 3.252021.0A.02.29固定板-1
2026-04-22 09:15:29,787 INFO  ExportHelperExtension.cs: 1145 - Found 0 features of type [RefAxis] in 3.252021.0A.02.29固定板-1
2026-04-22 09:15:29,787 INFO  ExportHelperExtension.cs: 1125 - Retrieving features of type [RefAxis] from 3.252021.0C.02.63机器人连接板B-1
2026-04-22 09:15:29,788 INFO  ExportHelperExtension.cs: 1136 - Found 19 in 3.252021.0C.02.63机器人连接板B-1
2026-04-22 09:15:29,788 INFO  ExportHelperExtension.cs: 1145 - Found 0 features of type [RefAxis] in 3.252021.0C.02.63机器人连接板B-1
2026-04-22 09:15:29,788 INFO  ExportHelperExtension.cs: 1125 - Retrieving features of type [RefAxis] from 3.252021.0C.02.64治具连接板-1
2026-04-22 09:15:29,789 INFO  ExportHelperExtension.cs: 1136 - Found 19 in 3.252021.0C.02.64治具连接板-1
2026-04-22 09:15:29,789 INFO  ExportHelperExtension.cs: 1145 - Found 0 features of type [RefAxis] in 3.252021.0C.02.64治具连接板-1
2026-04-22 09:15:29,789 INFO  ExportHelperExtension.cs: 1125 - Retrieving features of type [RefAxis] from 2.03.57.03.062001轴承钢定位销（φ6x20负公差0-0.01）-1
2026-04-22 09:15:29,790 INFO  ExportHelperExtension.cs: 1136 - Found 19 in 2.03.57.03.062001轴承钢定位销（φ6x20负公差0-0.01）-1
2026-04-22 09:15:29,790 INFO  ExportHelperExtension.cs: 1145 - Found 0 features of type [RefAxis] in 2.03.57.03.062001轴承钢定位销（φ6x20负公差0-0.01）-1
2026-04-22 09:15:29,791 INFO  ExportHelperExtension.cs: 1125 - Retrieving features of type [RefAxis] from 2.02.03.07.020341挤压角座（怡合达ABC01-206-20-34）-1
2026-04-22 09:15:29,791 INFO  ExportHelperExtension.cs: 1136 - Found 19 in 2.02.03.07.020341挤压角座（怡合达ABC01-206-20-34）-1
2026-04-22 09:15:29,791 INFO  ExportHelperExtension.cs: 1145 - Found 0 features of type [RefAxis] in 2.02.03.07.020341挤压角座（怡合达ABC01-206-20-34）-1
2026-04-22 09:15:29,792 INFO  ExportHelperExtension.cs: 1125 - Retrieving features of type [RefAxis] from 软袋吸盘（STP35-G2F内螺丝蓝色)-2
2026-04-22 09:15:29,792 INFO  ExportHelperExtension.cs: 1136 - Found 81 in 软袋吸盘（STP35-G2F内螺丝蓝色)-2
2026-04-22 09:15:29,793 INFO  ExportHelperExtension.cs: 1145 - Found 0 features of type [RefAxis] in 软袋吸盘（STP35-G2F内螺丝蓝色)-2
2026-04-22 09:15:29,793 INFO  ExportHelperExtension.cs: 1125 - Retrieving features of type [RefAxis] from 3.252021.0C.02.80金具-1
2026-04-22 09:15:29,793 INFO  ExportHelperExtension.cs: 1136 - Found 19 in 3.252021.0C.02.80金具-1
2026-04-22 09:15:29,794 INFO  ExportHelperExtension.cs: 1145 - Found 0 features of type [RefAxis] in 3.252021.0C.02.80金具-1
2026-04-22 09:15:29,794 INFO  ExportHelperExtension.cs: 1125 - Retrieving features of type [RefAxis] from 3.252021.0C.02.78连接板B-1
2026-04-22 09:15:29,794 INFO  ExportHelperExtension.cs: 1136 - Found 19 in 3.252021.0C.02.78连接板B-1
2026-04-22 09:15:29,795 INFO  ExportHelperExtension.cs: 1145 - Found 0 features of type [RefAxis] in 3.252021.0C.02.78连接板B-1
2026-04-22 09:15:29,795 INFO  ExportHelperExtension.cs: 1125 - Retrieving features of type [RefAxis] from 252021 PL801-2
2026-04-22 09:15:29,796 INFO  ExportHelperExtension.cs: 1136 - Found 19 in 252021 PL801-2
2026-04-22 09:15:29,796 INFO  ExportHelperExtension.cs: 1145 - Found 0 features of type [RefAxis] in 252021 PL801-2
2026-04-22 09:15:29,796 INFO  ExportHelperExtension.cs: 1125 - Retrieving features of type [RefAxis] from 3.252021.0C.02.81金具B-1
2026-04-22 09:15:29,797 INFO  ExportHelperExtension.cs: 1136 - Found 19 in 3.252021.0C.02.81金具B-1
2026-04-22 09:15:29,797 INFO  ExportHelperExtension.cs: 1145 - Found 0 features of type [RefAxis] in 3.252021.0C.02.81金具B-1
2026-04-22 09:15:29,798 INFO  ExportHelperExtension.cs: 1125 - Retrieving features of type [RefAxis] from 3.252021.0C.02.65真空发生器固定板-1
2026-04-22 09:15:29,798 INFO  ExportHelperExtension.cs: 1136 - Found 19 in 3.252021.0C.02.65真空发生器固定板-1
2026-04-22 09:15:29,798 INFO  ExportHelperExtension.cs: 1145 - Found 0 features of type [RefAxis] in 3.252021.0C.02.65真空发生器固定板-1
2026-04-22 09:15:29,799 INFO  ExportHelperExtension.cs: 1125 - Retrieving features of type [RefAxis] from 风琴软袋吸盘（ZP3P-T20JT5SF-AG01吸盘附件带接头）-1
2026-04-22 09:15:29,799 INFO  ExportHelperExtension.cs: 1136 - Found 20 in 风琴软袋吸盘（ZP3P-T20JT5SF-AG01吸盘附件带接头）-1
2026-04-22 09:15:29,799 INFO  ExportHelperExtension.cs: 1145 - Found 0 features of type [RefAxis] in 风琴软袋吸盘（ZP3P-T20JT5SF-AG01吸盘附件带接头）-1
2026-04-22 09:15:29,800 INFO  ExportHelperExtension.cs: 1125 - Retrieving features of type [RefAxis] from 2.03.05.01.012101薄型螺母M12x1.0-2
2026-04-22 09:15:29,800 INFO  ExportHelperExtension.cs: 1136 - Found 19 in 2.03.05.01.012101薄型螺母M12x1.0-2
2026-04-22 09:15:29,800 INFO  ExportHelperExtension.cs: 1145 - Found 0 features of type [RefAxis] in 2.03.05.01.012101薄型螺母M12x1.0-2
2026-04-22 09:15:29,801 INFO  ExportHelperExtension.cs: 1125 - Retrieving features of type [RefAxis] from 2.03.05.01.012101薄型螺母M12x1.0-3
2026-04-22 09:15:29,801 INFO  ExportHelperExtension.cs: 1136 - Found 19 in 2.03.05.01.012101薄型螺母M12x1.0-3
2026-04-22 09:15:29,801 INFO  ExportHelperExtension.cs: 1145 - Found 0 features of type [RefAxis] in 2.03.05.01.012101薄型螺母M12x1.0-3
2026-04-22 09:15:29,802 INFO  ExportHelperExtension.cs: 1125 - Retrieving features of type [RefAxis] from 2.03.05.01.012101薄型螺母M12x1.0-1
2026-04-22 09:15:29,802 INFO  ExportHelperExtension.cs: 1136 - Found 19 in 2.03.05.01.012101薄型螺母M12x1.0-1
2026-04-22 09:15:29,802 INFO  ExportHelperExtension.cs: 1145 - Found 0 features of type [RefAxis] in 2.03.05.01.012101薄型螺母M12x1.0-1
2026-04-22 09:15:29,803 INFO  ExportHelperExtension.cs: 1125 - Retrieving features of type [RefAxis] from 3.252021.0C.02.79吸盘固定杆-1
2026-04-22 09:15:29,803 INFO  ExportHelperExtension.cs: 1136 - Found 21 in 3.252021.0C.02.79吸盘固定杆-1
2026-04-22 09:15:29,803 INFO  ExportHelperExtension.cs: 1145 - Found 0 features of type [RefAxis] in 3.252021.0C.02.79吸盘固定杆-1
2026-04-22 09:15:29,803 INFO  ExportHelperExtension.cs: 1125 - Retrieving features of type [RefAxis] from 3.252021.0C.02.78连接板B-2
2026-04-22 09:15:29,804 INFO  ExportHelperExtension.cs: 1136 - Found 19 in 3.252021.0C.02.78连接板B-2
2026-04-22 09:15:29,804 INFO  ExportHelperExtension.cs: 1145 - Found 0 features of type [RefAxis] in 3.252021.0C.02.78连接板B-2
2026-04-22 09:15:29,804 INFO  ExportHelperExtension.cs: 1125 - Retrieving features of type [RefAxis] from 252021 PL801-1
2026-04-22 09:15:29,805 INFO  ExportHelperExtension.cs: 1136 - Found 19 in 252021 PL801-1
2026-04-22 09:15:29,805 INFO  ExportHelperExtension.cs: 1145 - Found 0 features of type [RefAxis] in 252021 PL801-1
2026-04-22 09:15:29,805 INFO  ExportHelperExtension.cs: 1125 - Retrieving features of type [RefAxis] from 3.252021.0C.02.65真空发生器固定板-2
2026-04-22 09:15:29,806 INFO  ExportHelperExtension.cs: 1136 - Found 19 in 3.252021.0C.02.65真空发生器固定板-2
2026-04-22 09:15:29,806 INFO  ExportHelperExtension.cs: 1145 - Found 0 features of type [RefAxis] in 3.252021.0C.02.65真空发生器固定板-2
2026-04-22 09:15:29,806 INFO  ExportHelperExtension.cs: 1125 - Retrieving features of type [RefAxis] from 软袋吸盘（STP35-G2F内螺丝蓝色)-1
2026-04-22 09:15:29,807 INFO  ExportHelperExtension.cs: 1136 - Found 81 in 软袋吸盘（STP35-G2F内螺丝蓝色)-1
2026-04-22 09:15:29,807 INFO  ExportHelperExtension.cs: 1145 - Found 0 features of type [RefAxis] in 软袋吸盘（STP35-G2F内螺丝蓝色)-1
2026-04-22 09:15:29,807 INFO  ExportHelperExtension.cs: 1125 - Retrieving features of type [RefAxis] from 2.02.08.01.030001多级真空发生器（BM30-B内置消音器）供应商八达路信茂，根据实物测绘-1
2026-04-22 09:15:29,808 INFO  ExportHelperExtension.cs: 1136 - Found 21 in 2.02.08.01.030001多级真空发生器（BM30-B内置消音器）供应商八达路信茂，根据实物测绘-1
2026-04-22 09:15:29,808 INFO  ExportHelperExtension.cs: 1145 - Found 0 features of type [RefAxis] in 2.02.08.01.030001多级真空发生器（BM30-B内置消音器）供应商八达路信茂，根据实物测绘-1
2026-04-22 09:15:29,808 INFO  ExportHelperExtension.cs: 1125 - Retrieving features of type [RefAxis] from 3.252021.0C.02.80金具-2
2026-04-22 09:15:29,809 INFO  ExportHelperExtension.cs: 1136 - Found 19 in 3.252021.0C.02.80金具-2
2026-04-22 09:15:29,809 INFO  ExportHelperExtension.cs: 1145 - Found 0 features of type [RefAxis] in 3.252021.0C.02.80金具-2
2026-04-22 09:15:29,809 INFO  ExportHelperExtension.cs: 1125 - Retrieving features of type [RefAxis] from 真空压力表（SMC-ZSE20-N-01-LA1）-1
2026-04-22 09:15:29,810 INFO  ExportHelperExtension.cs: 1136 - Found 21 in 真空压力表（SMC-ZSE20-N-01-LA1）-1
2026-04-22 09:15:29,810 INFO  ExportHelperExtension.cs: 1145 - Found 0 features of type [RefAxis] in 真空压力表（SMC-ZSE20-N-01-LA1）-1
2026-04-22 09:15:29,810 INFO  ExportHelperExtension.cs: 1125 - Retrieving features of type [RefAxis] from 2.02.08.01.030001多级真空发生器（BM30-B内置消音器）供应商八达路信茂，根据实物测绘-2
2026-04-22 09:15:29,810 INFO  ExportHelperExtension.cs: 1136 - Found 21 in 2.02.08.01.030001多级真空发生器（BM30-B内置消音器）供应商八达路信茂，根据实物测绘-2
2026-04-22 09:15:29,811 INFO  ExportHelperExtension.cs: 1145 - Found 0 features of type [RefAxis] in 2.02.08.01.030001多级真空发生器（BM30-B内置消音器）供应商八达路信茂，根据实物测绘-2
2026-04-22 09:15:29,811 INFO  ExportHelperExtension.cs: 1125 - Retrieving features of type [RefAxis] from 真空压力表（SMC-ZSE20-N-01-LA1）-2
2026-04-22 09:15:29,811 INFO  ExportHelperExtension.cs: 1136 - Found 21 in 真空压力表（SMC-ZSE20-N-01-LA1）-2
2026-04-22 09:15:29,812 INFO  ExportHelperExtension.cs: 1145 - Found 0 features of type [RefAxis] in 真空压力表（SMC-ZSE20-N-01-LA1）-2
2026-04-22 09:15:29,970 INFO  SwAddin.cs: 339 - Loading config tree
2026-04-22 09:15:29,972 INFO  ConfigurationSerialization.cs: 276 - URDF Configuration found
<Link z:Id="i1" xmlns="http://schemas.datacontract.org/2004/07/SW2URDF" xmlns:i="http://www.w3.org/2001/XMLSchema-instance" xmlns:z="http://schemas.microsoft.com/2003/10/Serialization/"><Attributes><Attribute z:Id="i2"><AttributeType>name</AttributeType><IsRequired>true</IsRequired><Value i:type="a:string" xmlns:a="http://www.w3.org/2001/XMLSchema">base_link</Value></Attribute></Attributes><ChildElements><URDFElement z:Id="i3" i:type="Inertial"><Attributes/><ChildElements><URDFElement z:Id="i4" i:type="Origin"><Attributes><Attribute z:Id="i5"><AttributeType>xyz</AttributeType><IsRequired>true</IsRequired><Value i:type="a:ArrayOfdouble" xmlns:a="http://schemas.microsoft.com/2003/10/Serialization/Arrays"><a:double>0</a:double><a:double>0</a:double><a:double>0</a:double></Value></Attribute><Attribute z:Id="i6"><AttributeType>rpy</AttributeType><IsRequired>true</IsRequired><Value i:type="a:ArrayOfdouble" xmlns:a="http://schemas.microsoft.com/2003/10/Serialization/Arrays"><a:double>0</a:double><a:double>0</a:double><a:double>0</a:double></Value></Attribute></Attributes><ChildElements/><ElementName>origin</ElementName><required>false</required><RPYAttribute z:Ref="i6"/><XYZAttribute z:Ref="i5"/><isCustomized>false</isCustomized></URDFElement><URDFElement z:Id="i7" i:type="Mass"><Attributes><Attribute z:Id="i8"><AttributeType>value</AttributeType><IsRequired>true</IsRequired><Value i:type="a:double" xmlns:a="http://www.w3.org/2001/XMLSchema">0</Value></Attribute></Attributes><ChildElements/><ElementName>mass</ElementName><required>false</required><ValueAttribute z:Ref="i8"/></URDFElement><URDFElement z:Id="i9" i:type="Inertia"><Attributes><Attribute z:Id="i10"><AttributeType>ixx</AttributeType><IsRequired>true</IsRequired><Value i:type="a:double" xmlns:a="http://www.w3.org/2001/XMLSchema">0</Value></Attribute><Attribute z:Id="i11"><AttributeType>ixy</AttributeType><IsRequired>true</IsRequired><Value i:type="a:double" xmlns:a="http://www.w3.org/2001/XMLSchema">0</Value></Attribute><Attribute z:Id="i12"><AttributeType>ixz</AttributeType><IsRequired>true</IsRequired><Value i:type="a:double" xmlns:a="http://www.w3.org/2001/XMLSchema">0</Value></Attribute><Attribute z:Id="i13"><AttributeType>iyy</AttributeType><IsRequired>true</IsRequired><Value i:type="a:double" xmlns:a="http://www.w3.org/2001/XMLSchema">0</Value></Attribute><Attribute z:Id="i14"><AttributeType>iyz</AttributeType><IsRequired>true</IsRequired><Value i:type="a:double" xmlns:a="http://www.w3.org/2001/XMLSchema">0</Value></Attribute><Attribute z:Id="i15"><AttributeType>izz</AttributeType><IsRequired>true</IsRequired><Value i:type="a:double" xmlns:a="http://www.w3.org/2001/XMLSchema">0</Value></Attribute></Attributes><ChildElements/><ElementName>inertia</ElementName><required>false</required><IxxAttribute z:Ref="i10"/><IxyAttribute z:Ref="i11"/><IxzAttribute z:Ref="i12"/><IyyAttribute z:Ref="i13"/><IyzAttribute z:Ref="i14"/><IzzAttribute z:Ref="i15"/></URDFElement></ChildElements><ElementName>inertial</ElementName><required>false</required><Inertia z:Ref="i9"/><Mass z:Ref="i7"/><Origin z:Ref="i4"/></URDFElement><URDFElement z:Id="i16" i:type="Visual"><Attributes/><ChildElements><URDFElement z:Id="i17" i:type="Origin"><Attributes><Attribute z:Id="i18"><AttributeType>xyz</AttributeType><IsRequired>true</IsRequired><Value i:type="a:ArrayOfdouble" xmlns:a="http://schemas.microsoft.com/2003/10/Serialization/Arrays"><a:double>0</a:double><a:double>0</a:double><a:double>0</a:double></Value></Attribute><Attribute z:Id="i19"><AttributeType>rpy</AttributeType><IsRequired>true</IsRequired><Value i:type="a:ArrayOfdouble" xmlns:a="http://schemas.microsoft.com/2003/10/Serialization/Arrays"><a:double>0</a:double><a:double>0</a:double><a:double>0</a:double></Value></Attribute></Attributes><ChildElements/><ElementName>origin</ElementName><required>false</required><RPYAttribute z:Ref="i19"/><XYZAttribute z:Ref="i18"/><isCustomized>false</isCustomized></URDFElement><URDFElement z:Id="i20" i:type="Geometry"><Attributes/><ChildElements><URDFElement z:Id="i21" i:type="Mesh"><Attributes><Attribute z:Id="i22"><AttributeType>filename</AttributeType><IsRequired>true</IsRequired><Value i:nil="true"/></Attribute></Attributes><ChildElements/><ElementName>mesh</ElementName><required>false</required><FilenameAttribute z:Ref="i22"/></URDFElement></ChildElements><ElementName>geometry</ElementName><required>true</required><Mesh z:Ref="i21"/></URDFElement><URDFElement z:Id="i23" i:type="Material"><Attributes><Attribute z:Id="i24"><AttributeType>name</AttributeType><IsRequired>true</IsRequired><Value i:type="a:string" xmlns:a="http://www.w3.org/2001/XMLSchema"/></Attribute></Attributes><ChildElements><URDFElement z:Id="i25" i:type="Color"><Attributes><Attribute z:Id="i26"><AttributeType>rgba</AttributeType><IsRequired>true</IsRequired><Value i:type="a:ArrayOfdouble" xmlns:a="http://schemas.microsoft.com/2003/10/Serialization/Arrays"><a:double>1</a:double><a:double>1</a:double><a:double>1</a:double><a:double>1</a:double></Value></Attribute></Attributes><ChildElements/><ElementName>color</ElementName><required>false</required><RGBAAttribute z:Ref="i26"/></URDFElement><URDFElement z:Id="i27" i:type="Texture"><Attributes><Attribute z:Id="i28"><AttributeType>filename</AttributeType><IsRequired>true</IsRequired><Value i:nil="true"/></Attribute></Attributes><ChildElements/><ElementName>texture</ElementName><required>false</required><FilenameAttribute z:Ref="i28"/><wFilename/></URDFElement></ChildElements><ElementName>material</ElementName><required>false</required><Color z:Ref="i25"/><NameAttribute z:Ref="i24"/><Texture z:Ref="i27"/></URDFElement></ChildElements><ElementName>visual</ElementName><required>false</required><Geometry z:Ref="i20"/><Material z:Ref="i23"/><Origin z:Ref="i17"/></URDFElement><URDFElement z:Id="i29" i:type="Collision"><Attributes/><ChildElements><URDFElement z:Id="i30" i:type="Origin"><Attributes><Attribute z:Id="i31"><AttributeType>xyz</AttributeType><IsRequired>true</IsRequired><Value i:type="a:ArrayOfdouble" xmlns:a="http://schemas.microsoft.com/2003/10/Serialization/Arrays"><a:double>0</a:double><a:double>0</a:double><a:double>0</a:double></Value></Attribute><Attribute z:Id="i32"><AttributeType>rpy</AttributeType><IsRequired>true</IsRequired><Value i:type="a:ArrayOfdouble" xmlns:a="http://schemas.microsoft.com/2003/10/Serialization/Arrays"><a:double>0</a:double><a:double>0</a:double><a:double>0</a:double></Value></Attribute></Attributes><ChildElements/><ElementName>origin</ElementName><required>false</required><RPYAttribute z:Ref="i32"/><XYZAttribute z:Ref="i31"/><isCustomized>false</isCustomized></URDFElement><URDFElement z:Id="i33" i:type="Geometry"><Attributes/><ChildElements><URDFElement z:Id="i34" i:type="Mesh"><Attributes><Attribute z:Id="i35"><AttributeType>filename</AttributeType><IsRequired>true</IsRequired><Value i:nil="true"/></Attribute></Attributes><ChildElements/><ElementName>mesh</ElementName><required>false</required><FilenameAttribute z:Ref="i35"/></URDFElement></ChildElements><ElementName>geometry</ElementName><required>true</required><Mesh z:Ref="i34"/></URDFElement></ChildElements><ElementName>collision</ElementName><required>false</required><Geometry z:Ref="i33"/><Origin z:Ref="i30"/></URDFElement><URDFElement z:Id="i36" i:type="Joint"><Attributes><Attribute z:Id="i37"><AttributeType>name</AttributeType><IsRequired>true</IsRequired><Value i:type="a:string" xmlns:a="http://www.w3.org/2001/XMLSchema"/></Attribute><Attribute z:Id="i38"><AttributeType>type</AttributeType><IsRequired>true</IsRequired><Value i:type="a:string" xmlns:a="http://www.w3.org/2001/XMLSchema"/></Attribute></Attributes><ChildElements><URDFElement z:Id="i39" i:type="Origin"><Attributes><Attribute z:Id="i40"><AttributeType>xyz</AttributeType><IsRequired>true</IsRequired><Value i:type="a:ArrayOfdouble" xmlns:a="http://schemas.microsoft.com/2003/10/Serialization/Arrays"><a:double>0</a:double><a:double>0</a:double><a:double>0</a:double></Value></Attribute><Attribute z:Id="i41"><AttributeType>rpy</AttributeType><IsRequired>true</IsRequired><Value i:type="a:ArrayOfdouble" xmlns:a="http://schemas.microsoft.com/2003/10/Serialization/Arrays"><a:double>0</a:double><a:double>0</a:double><a:double>0</a:double></Value></Attribute></Attributes><ChildElements/><ElementName>origin</ElementName><required>false</required><RPYAttribute z:Ref="i41"/><XYZAttribute z:Ref="i40"/><isCustomized>false</isCustomized></URDFElement><URDFElement z:Id="i42" i:type="ParentLink"><Attributes><Attribute z:Id="i43"><AttributeType>link</AttributeType><IsRequired>true</IsRequired><Value i:type="a:string" xmlns:a="http://www.w3.org/2001/XMLSchema"/></Attribute></Attributes><ChildElements/><ElementName>parent</ElementName><required>true</required><NameAttribute z:Ref="i43"/></URDFElement><URDFElement z:Id="i44" i:type="ChildLink"><Attributes><Attribute z:Id="i45"><AttributeType>link</AttributeType><IsRequired>true</IsRequired><Value i:type="a:string" xmlns:a="http://www.w3.org/2001/XMLSchema"/></Attribute></Attributes><ChildElements/><ElementName>child</ElementName><required>true</required><NameAttribute z:Ref="i45"/></URDFElement><URDFElement z:Id="i46" i:type="Axis"><Attributes><Attribute z:Id="i47"><AttributeType>xyz</AttributeType><IsRequired>true</IsRequired><Value i:type="a:ArrayOfdouble" xmlns:a="http://schemas.microsoft.com/2003/10/Serialization/Arrays"><a:double>0</a:double><a:double>0</a:double><a:double>0</a:double></Value></Attribute></Attributes><ChildElements/><ElementName>axis</ElementName><required>false</required><XYZAttribute z:Ref="i47"/></URDFElement><URDFElement z:Id="i48" i:type="Limit"><Attributes><Attribute z:Id="i49"><AttributeType>lower</AttributeType><IsRequired>false</IsRequired><Value i:nil="true"/></Attribute><Attribute z:Id="i50"><AttributeType>upper</AttributeType><IsRequired>false</IsRequired><Value i:nil="true"/></Attribute><Attribute z:Id="i51"><AttributeType>effort</AttributeType><IsRequired>true</IsRequired><Value i:nil="true"/></Attribute><Attribute z:Id="i52"><AttributeType>velocity</AttributeType><IsRequired>true</IsRequired><Value i:nil="true"/></Attribute></Attributes><ChildElements/><ElementName>limit</ElementName><required>false</required><EffortAttribute z:Ref="i51"/><LowerAttribute z:Ref="i49"/><UpperAttribute z:Ref="i50"/><VelocityAttribute z:Ref="i52"/></URDFElement><URDFElement z:Id="i53" i:type="Calibration"><Attributes><Attribute z:Id="i54"><AttributeType>rising</AttributeType><IsRequired>false</IsRequired><Value i:nil="true"/></Attribute><Attribute z:Id="i55"><AttributeType>falling</AttributeType><IsRequired>false</IsRequired><Value i:nil="true"/></Attribute></Attributes><ChildElements/><ElementName>calibration</ElementName><required>false</required><FallingAttribute z:Ref="i55"/><RisingAttribute z:Ref="i54"/></URDFElement><URDFElement z:Id="i56" i:type="Dynamics"><Attributes><Attribute z:Id="i57"><AttributeType>damping</AttributeType><IsRequired>false</IsRequired><Value i:nil="true"/></Attribute><Attribute z:Id="i58"><AttributeType>friction</AttributeType><IsRequired>false</IsRequired><Value i:nil="true"/></Attribute></Attributes><ChildElements/><ElementName>dynamics</ElementName><required>false</required><DampingAttribute z:Ref="i57"/><FrictionAttribute z:Ref="i58"/></URDFElement><URDFElement z:Id="i59" i:type="SafetyController"><Attributes><Attribute z:Id="i60"><AttributeType>soft_upper_limit</AttributeType><IsRequired>false</IsRequired><Value i:nil="true"/></Attribute><Attribute z:Id="i61"><AttributeType>soft_lower_limit</AttributeType><IsRequired>false</IsRequired><Value i:nil="true"/></Attribute><Attribute z:Id="i62"><AttributeType>k_position</AttributeType><IsRequired>false</IsRequired><Value i:nil="true"/></Attribute><Attribute z:Id="i63"><AttributeType>k_velocity</AttributeType><IsRequired>true</IsRequired><Value i:nil="true"/></Attribute></Attributes><ChildElements/><ElementName>safety_controller</ElementName><required>false</required><KPositionAttribute z:Ref="i62"/><KVelocityAttribute z:Ref="i63"/><SoftLowerAttribute z:Ref="i61"/><SoftUpperAttribute z:Ref="i60"/></URDFElement><URDFElement z:Id="i64" i:type="Mimic"><Attributes><Attribute z:Id="i65"><AttributeType>joint</AttributeType><IsRequired>true</IsRequired><Value i:nil="true"/></Attribute><Attribute z:Id="i66"><AttributeType>multiplier</AttributeType><IsRequired>false</IsRequired><Value i:nil="true"/></Attribute><Attribute z:Id="i67"><AttributeType>offset</AttributeType><IsRequired>false</IsRequired><Value i:nil="true"/></Attribute></Attributes><ChildElements/><ElementName>mimic</ElementName><required>false</required><JointNameAttribute z:Ref="i65"/><MultiplierAttribute z:Ref="i66"/><OffsetAttribute z:Ref="i67"/></URDFElement></ChildElements><ElementName>joint</ElementName><required>false</required><Axis z:Ref="i46"/><AxisName/><Calibration z:Ref="i53"/><Child z:Ref="i44"/><CoordinateSystemName>?????????1</CoordinateSystemName><Dynamics z:Ref="i56"/><Limit z:Ref="i48"/><Mimic z:Ref="i64"/><NameAttribute z:Ref="i37"/><Origin z:Ref="i39"/><Parent z:Ref="i42"/><Safety z:Ref="i59"/><TypeAttribute z:Ref="i38"/></URDFElement></ChildElements><ElementName>link</ElementName><required>true</required><Children/><Collision z:Ref="i29"/><Inertial z:Ref="i3"/><Joint z:Ref="i36"/><NameAttribute z:Ref="i2"/><Parent i:nil="true"/><STLQualityFine>false</STLQualityFine><SWComponentPIDs xmlns:a="http://schemas.microsoft.com/2003/10/Serialization/Arrays"><a:base64Binary>KCMAAAUAAAD//v8hMwAuADIANQAyADAAMgAxAC4AMABDAC4AMAAyAC4ANgAzADpnaFa6Tt6PpWN/Z0IALQAxAEAAOVk4VMR+CFQ5WXdRBAAAABAAAAABAAAAAQAAABcAAAA=</a:base64Binary></SWComponentPIDs><SWMainComponentPID i:nil="true"/><Visual z:Ref="i16"/><isFixedFrame>false</isFixedFrame><isIncomplete>false</isIncomplete></Link>
2026-04-22 09:15:30,094 INFO  LinkNode.cs: 35 - Building node base_link
2026-04-22 09:15:30,095 INFO  CommonSwOperations.cs: 221 - Loading SolidWorks components for base_link from 
2026-04-22 09:15:30,095 INFO  CommonSwOperations.cs: 245 - Loading component with PID (#     ???!3 . 2 5 2 0 2 1 . 0 C . 0 2 . 6 3 :ghV?N???cgB - 1 @ 9Y8T?~T9YwQ               
2026-04-22 09:15:30,097 INFO  CommonSwOperations.cs: 254 - Successfully loaded component D:\desktop\新建文件夹\3.252021.0C.02.63机器人连接板B.sldprt
2026-04-22 09:15:30,097 INFO  CommonSwOperations.cs: 230 - Loaded 1 components for link base_link
2026-04-22 09:15:30,140 INFO  SwAddin.cs: 344 - Showing property manager
2026-04-22 09:15:31,850 INFO  ExportPropertyManager.cs: 422 - Configuration saved
2026-04-22 09:15:31,851 INFO  ConfigurationSerialization.cs: 276 - URDF Configuration found
<Link z:Id="i1" xmlns="http://schemas.datacontract.org/2004/07/SW2URDF" xmlns:i="http://www.w3.org/2001/XMLSchema-instance" xmlns:z="http://schemas.microsoft.com/2003/10/Serialization/"><Attributes><Attribute z:Id="i2"><AttributeType>name</AttributeType><IsRequired>true</IsRequired><Value i:type="a:string" xmlns:a="http://www.w3.org/2001/XMLSchema">base_link</Value></Attribute></Attributes><ChildElements><URDFElement z:Id="i3" i:type="Inertial"><Attributes/><ChildElements><URDFElement z:Id="i4" i:type="Origin"><Attributes><Attribute z:Id="i5"><AttributeType>xyz</AttributeType><IsRequired>true</IsRequired><Value i:type="a:ArrayOfdouble" xmlns:a="http://schemas.microsoft.com/2003/10/Serialization/Arrays"><a:double>0</a:double><a:double>0</a:double><a:double>0</a:double></Value></Attribute><Attribute z:Id="i6"><AttributeType>rpy</AttributeType><IsRequired>true</IsRequired><Value i:type="a:ArrayOfdouble" xmlns:a="http://schemas.microsoft.com/2003/10/Serialization/Arrays"><a:double>0</a:double><a:double>0</a:double><a:double>0</a:double></Value></Attribute></Attributes><ChildElements/><ElementName>origin</ElementName><required>false</required><RPYAttribute z:Ref="i6"/><XYZAttribute z:Ref="i5"/><isCustomized>false</isCustomized></URDFElement><URDFElement z:Id="i7" i:type="Mass"><Attributes><Attribute z:Id="i8"><AttributeType>value</AttributeType><IsRequired>true</IsRequired><Value i:type="a:double" xmlns:a="http://www.w3.org/2001/XMLSchema">0</Value></Attribute></Attributes><ChildElements/><ElementName>mass</ElementName><required>false</required><ValueAttribute z:Ref="i8"/></URDFElement><URDFElement z:Id="i9" i:type="Inertia"><Attributes><Attribute z:Id="i10"><AttributeType>ixx</AttributeType><IsRequired>true</IsRequired><Value i:type="a:double" xmlns:a="http://www.w3.org/2001/XMLSchema">0</Value></Attribute><Attribute z:Id="i11"><AttributeType>ixy</AttributeType><IsRequired>true</IsRequired><Value i:type="a:double" xmlns:a="http://www.w3.org/2001/XMLSchema">0</Value></Attribute><Attribute z:Id="i12"><AttributeType>ixz</AttributeType><IsRequired>true</IsRequired><Value i:type="a:double" xmlns:a="http://www.w3.org/2001/XMLSchema">0</Value></Attribute><Attribute z:Id="i13"><AttributeType>iyy</AttributeType><IsRequired>true</IsRequired><Value i:type="a:double" xmlns:a="http://www.w3.org/2001/XMLSchema">0</Value></Attribute><Attribute z:Id="i14"><AttributeType>iyz</AttributeType><IsRequired>true</IsRequired><Value i:type="a:double" xmlns:a="http://www.w3.org/2001/XMLSchema">0</Value></Attribute><Attribute z:Id="i15"><AttributeType>izz</AttributeType><IsRequired>true</IsRequired><Value i:type="a:double" xmlns:a="http://www.w3.org/2001/XMLSchema">0</Value></Attribute></Attributes><ChildElements/><ElementName>inertia</ElementName><required>false</required><IxxAttribute z:Ref="i10"/><IxyAttribute z:Ref="i11"/><IxzAttribute z:Ref="i12"/><IyyAttribute z:Ref="i13"/><IyzAttribute z:Ref="i14"/><IzzAttribute z:Ref="i15"/></URDFElement></ChildElements><ElementName>inertial</ElementName><required>false</required><Inertia z:Ref="i9"/><Mass z:Ref="i7"/><Origin z:Ref="i4"/></URDFElement><URDFElement z:Id="i16" i:type="Visual"><Attributes/><ChildElements><URDFElement z:Id="i17" i:type="Origin"><Attributes><Attribute z:Id="i18"><AttributeType>xyz</AttributeType><IsRequired>true</IsRequired><Value i:type="a:ArrayOfdouble" xmlns:a="http://schemas.microsoft.com/2003/10/Serialization/Arrays"><a:double>0</a:double><a:double>0</a:double><a:double>0</a:double></Value></Attribute><Attribute z:Id="i19"><AttributeType>rpy</AttributeType><IsRequired>true</IsRequired><Value i:type="a:ArrayOfdouble" xmlns:a="http://schemas.microsoft.com/2003/10/Serialization/Arrays"><a:double>0</a:double><a:double>0</a:double><a:double>0</a:double></Value></Attribute></Attributes><ChildElements/><ElementName>origin</ElementName><required>false</required><RPYAttribute z:Ref="i19"/><XYZAttribute z:Ref="i18"/><isCustomized>false</isCustomized></URDFElement><URDFElement z:Id="i20" i:type="Geometry"><Attributes/><ChildElements><URDFElement z:Id="i21" i:type="Mesh"><Attributes><Attribute z:Id="i22"><AttributeType>filename</AttributeType><IsRequired>true</IsRequired><Value i:nil="true"/></Attribute></Attributes><ChildElements/><ElementName>mesh</ElementName><required>false</required><FilenameAttribute z:Ref="i22"/></URDFElement></ChildElements><ElementName>geometry</ElementName><required>true</required><Mesh z:Ref="i21"/></URDFElement><URDFElement z:Id="i23" i:type="Material"><Attributes><Attribute z:Id="i24"><AttributeType>name</AttributeType><IsRequired>true</IsRequired><Value i:type="a:string" xmlns:a="http://www.w3.org/2001/XMLSchema"/></Attribute></Attributes><ChildElements><URDFElement z:Id="i25" i:type="Color"><Attributes><Attribute z:Id="i26"><AttributeType>rgba</AttributeType><IsRequired>true</IsRequired><Value i:type="a:ArrayOfdouble" xmlns:a="http://schemas.microsoft.com/2003/10/Serialization/Arrays"><a:double>1</a:double><a:double>1</a:double><a:double>1</a:double><a:double>1</a:double></Value></Attribute></Attributes><ChildElements/><ElementName>color</ElementName><required>false</required><RGBAAttribute z:Ref="i26"/></URDFElement><URDFElement z:Id="i27" i:type="Texture"><Attributes><Attribute z:Id="i28"><AttributeType>filename</AttributeType><IsRequired>true</IsRequired><Value i:nil="true"/></Attribute></Attributes><ChildElements/><ElementName>texture</ElementName><required>false</required><FilenameAttribute z:Ref="i28"/><wFilename/></URDFElement></ChildElements><ElementName>material</ElementName><required>false</required><Color z:Ref="i25"/><NameAttribute z:Ref="i24"/><Texture z:Ref="i27"/></URDFElement></ChildElements><ElementName>visual</ElementName><required>false</required><Geometry z:Ref="i20"/><Material z:Ref="i23"/><Origin z:Ref="i17"/></URDFElement><URDFElement z:Id="i29" i:type="Collision"><Attributes/><ChildElements><URDFElement z:Id="i30" i:type="Origin"><Attributes><Attribute z:Id="i31"><AttributeType>xyz</AttributeType><IsRequired>true</IsRequired><Value i:type="a:ArrayOfdouble" xmlns:a="http://schemas.microsoft.com/2003/10/Serialization/Arrays"><a:double>0</a:double><a:double>0</a:double><a:double>0</a:double></Value></Attribute><Attribute z:Id="i32"><AttributeType>rpy</AttributeType><IsRequired>true</IsRequired><Value i:type="a:ArrayOfdouble" xmlns:a="http://schemas.microsoft.com/2003/10/Serialization/Arrays"><a:double>0</a:double><a:double>0</a:double><a:double>0</a:double></Value></Attribute></Attributes><ChildElements/><ElementName>origin</ElementName><required>false</required><RPYAttribute z:Ref="i32"/><XYZAttribute z:Ref="i31"/><isCustomized>false</isCustomized></URDFElement><URDFElement z:Id="i33" i:type="Geometry"><Attributes/><ChildElements><URDFElement z:Id="i34" i:type="Mesh"><Attributes><Attribute z:Id="i35"><AttributeType>filename</AttributeType><IsRequired>true</IsRequired><Value i:nil="true"/></Attribute></Attributes><ChildElements/><ElementName>mesh</ElementName><required>false</required><FilenameAttribute z:Ref="i35"/></URDFElement></ChildElements><ElementName>geometry</ElementName><required>true</required><Mesh z:Ref="i34"/></URDFElement></ChildElements><ElementName>collision</ElementName><required>false</required><Geometry z:Ref="i33"/><Origin z:Ref="i30"/></URDFElement><URDFElement z:Id="i36" i:type="Joint"><Attributes><Attribute z:Id="i37"><AttributeType>name</AttributeType><IsRequired>true</IsRequired><Value i:type="a:string" xmlns:a="http://www.w3.org/2001/XMLSchema"/></Attribute><Attribute z:Id="i38"><AttributeType>type</AttributeType><IsRequired>true</IsRequired><Value i:type="a:string" xmlns:a="http://www.w3.org/2001/XMLSchema"/></Attribute></Attributes><ChildElements><URDFElement z:Id="i39" i:type="Origin"><Attributes><Attribute z:Id="i40"><AttributeType>xyz</AttributeType><IsRequired>true</IsRequired><Value i:type="a:ArrayOfdouble" xmlns:a="http://schemas.microsoft.com/2003/10/Serialization/Arrays"><a:double>0</a:double><a:double>0</a:double><a:double>0</a:double></Value></Attribute><Attribute z:Id="i41"><AttributeType>rpy</AttributeType><IsRequired>true</IsRequired><Value i:type="a:ArrayOfdouble" xmlns:a="http://schemas.microsoft.com/2003/10/Serialization/Arrays"><a:double>0</a:double><a:double>0</a:double><a:double>0</a:double></Value></Attribute></Attributes><ChildElements/><ElementName>origin</ElementName><required>false</required><RPYAttribute z:Ref="i41"/><XYZAttribute z:Ref="i40"/><isCustomized>false</isCustomized></URDFElement><URDFElement z:Id="i42" i:type="ParentLink"><Attributes><Attribute z:Id="i43"><AttributeType>link</AttributeType><IsRequired>true</IsRequired><Value i:type="a:string" xmlns:a="http://www.w3.org/2001/XMLSchema"/></Attribute></Attributes><ChildElements/><ElementName>parent</ElementName><required>true</required><NameAttribute z:Ref="i43"/></URDFElement><URDFElement z:Id="i44" i:type="ChildLink"><Attributes><Attribute z:Id="i45"><AttributeType>link</AttributeType><IsRequired>true</IsRequired><Value i:type="a:string" xmlns:a="http://www.w3.org/2001/XMLSchema"/></Attribute></Attributes><ChildElements/><ElementName>child</ElementName><required>true</required><NameAttribute z:Ref="i45"/></URDFElement><URDFElement z:Id="i46" i:type="Axis"><Attributes><Attribute z:Id="i47"><AttributeType>xyz</AttributeType><IsRequired>true</IsRequired><Value i:type="a:ArrayOfdouble" xmlns:a="http://schemas.microsoft.com/2003/10/Serialization/Arrays"><a:double>0</a:double><a:double>0</a:double><a:double>0</a:double></Value></Attribute></Attributes><ChildElements/><ElementName>axis</ElementName><required>false</required><XYZAttribute z:Ref="i47"/></URDFElement><URDFElement z:Id="i48" i:type="Limit"><Attributes><Attribute z:Id="i49"><AttributeType>lower</AttributeType><IsRequired>false</IsRequired><Value i:nil="true"/></Attribute><Attribute z:Id="i50"><AttributeType>upper</AttributeType><IsRequired>false</IsRequired><Value i:nil="true"/></Attribute><Attribute z:Id="i51"><AttributeType>effort</AttributeType><IsRequired>true</IsRequired><Value i:nil="true"/></Attribute><Attribute z:Id="i52"><AttributeType>velocity</AttributeType><IsRequired>true</IsRequired><Value i:nil="true"/></Attribute></Attributes><ChildElements/><ElementName>limit</ElementName><required>false</required><EffortAttribute z:Ref="i51"/><LowerAttribute z:Ref="i49"/><UpperAttribute z:Ref="i50"/><VelocityAttribute z:Ref="i52"/></URDFElement><URDFElement z:Id="i53" i:type="Calibration"><Attributes><Attribute z:Id="i54"><AttributeType>rising</AttributeType><IsRequired>false</IsRequired><Value i:nil="true"/></Attribute><Attribute z:Id="i55"><AttributeType>falling</AttributeType><IsRequired>false</IsRequired><Value i:nil="true"/></Attribute></Attributes><ChildElements/><ElementName>calibration</ElementName><required>false</required><FallingAttribute z:Ref="i55"/><RisingAttribute z:Ref="i54"/></URDFElement><URDFElement z:Id="i56" i:type="Dynamics"><Attributes><Attribute z:Id="i57"><AttributeType>damping</AttributeType><IsRequired>false</IsRequired><Value i:nil="true"/></Attribute><Attribute z:Id="i58"><AttributeType>friction</AttributeType><IsRequired>false</IsRequired><Value i:nil="true"/></Attribute></Attributes><ChildElements/><ElementName>dynamics</ElementName><required>false</required><DampingAttribute z:Ref="i57"/><FrictionAttribute z:Ref="i58"/></URDFElement><URDFElement z:Id="i59" i:type="SafetyController"><Attributes><Attribute z:Id="i60"><AttributeType>soft_upper_limit</AttributeType><IsRequired>false</IsRequired><Value i:nil="true"/></Attribute><Attribute z:Id="i61"><AttributeType>soft_lower_limit</AttributeType><IsRequired>false</IsRequired><Value i:nil="true"/></Attribute><Attribute z:Id="i62"><AttributeType>k_position</AttributeType><IsRequired>false</IsRequired><Value i:nil="true"/></Attribute><Attribute z:Id="i63"><AttributeType>k_velocity</AttributeType><IsRequired>true</IsRequired><Value i:nil="true"/></Attribute></Attributes><ChildElements/><ElementName>safety_controller</ElementName><required>false</required><KPositionAttribute z:Ref="i62"/><KVelocityAttribute z:Ref="i63"/><SoftLowerAttribute z:Ref="i61"/><SoftUpperAttribute z:Ref="i60"/></URDFElement><URDFElement z:Id="i64" i:type="Mimic"><Attributes><Attribute z:Id="i65"><AttributeType>joint</AttributeType><IsRequired>true</IsRequired><Value i:nil="true"/></Attribute><Attribute z:Id="i66"><AttributeType>multiplier</AttributeType><IsRequired>false</IsRequired><Value i:nil="true"/></Attribute><Attribute z:Id="i67"><AttributeType>offset</AttributeType><IsRequired>false</IsRequired><Value i:nil="true"/></Attribute></Attributes><ChildElements/><ElementName>mimic</ElementName><required>false</required><JointNameAttribute z:Ref="i65"/><MultiplierAttribute z:Ref="i66"/><OffsetAttribute z:Ref="i67"/></URDFElement></ChildElements><ElementName>joint</ElementName><required>false</required><Axis z:Ref="i46"/><AxisName/><Calibration z:Ref="i53"/><Child z:Ref="i44"/><CoordinateSystemName>?????????1</CoordinateSystemName><Dynamics z:Ref="i56"/><Limit z:Ref="i48"/><Mimic z:Ref="i64"/><NameAttribute z:Ref="i37"/><Origin z:Ref="i39"/><Parent z:Ref="i42"/><Safety z:Ref="i59"/><TypeAttribute z:Ref="i38"/></URDFElement></ChildElements><ElementName>link</ElementName><required>true</required><Children/><Collision z:Ref="i29"/><Inertial z:Ref="i3"/><Joint z:Ref="i36"/><NameAttribute z:Ref="i2"/><Parent i:nil="true"/><STLQualityFine>false</STLQualityFine><SWComponentPIDs xmlns:a="http://schemas.microsoft.com/2003/10/Serialization/Arrays"><a:base64Binary>KCMAAAUAAAD//v8hMwAuADIANQAyADAAMgAxAC4AMABDAC4AMAAyAC4ANgAzADpnaFa6Tt6PpWN/Z0IALQAxAEAAOVk4VMR+CFQ5WXdRBAAAABAAAAABAAAAAQAAABcAAAA=</a:base64Binary></SWComponentPIDs><SWMainComponentPID i:nil="true"/><Visual z:Ref="i16"/><isFixedFrame>false</isFixedFrame><isIncomplete>false</isIncomplete></Link>
2026-04-22 09:15:33,323 INFO  ExportHelperExtension.cs: 1125 - Retrieving features of type [CoordSys] from 夹吸组合夹具
2026-04-22 09:15:33,325 INFO  ExportHelperExtension.cs: 1136 - Found 48 in 夹吸组合夹具
2026-04-22 09:15:33,326 INFO  ExportHelperExtension.cs: 1145 - Found 2 features of type [CoordSys] in 夹吸组合夹具
2026-04-22 09:15:33,326 INFO  ExportHelperExtension.cs: 1148 - Proceeding through assembly components
2026-04-22 09:15:33,327 INFO  ExportHelperExtension.cs: 1160 - 26 components to check
2026-04-22 09:15:33,327 INFO  ExportHelperExtension.cs: 1125 - Retrieving features of type [CoordSys] from 3.252021.0C.02.75连接杆B_默认_按加工_-1
2026-04-22 09:15:33,328 INFO  ExportHelperExtension.cs: 1136 - Found 19 in 3.252021.0C.02.75连接杆B_默认_按加工_-1
2026-04-22 09:15:33,328 INFO  ExportHelperExtension.cs: 1145 - Found 0 features of type [CoordSys] in 3.252021.0C.02.75连接杆B_默认_按加工_-1
2026-04-22 09:15:33,329 INFO  ExportHelperExtension.cs: 1125 - Retrieving features of type [CoordSys] from 3.252021.0A.02.29固定板-1
2026-04-22 09:15:33,329 INFO  ExportHelperExtension.cs: 1136 - Found 19 in 3.252021.0A.02.29固定板-1
2026-04-22 09:15:33,329 INFO  ExportHelperExtension.cs: 1145 - Found 0 features of type [CoordSys] in 3.252021.0A.02.29固定板-1
2026-04-22 09:15:33,330 INFO  ExportHelperExtension.cs: 1125 - Retrieving features of type [CoordSys] from 3.252021.0C.02.63机器人连接板B-1
2026-04-22 09:15:33,330 INFO  ExportHelperExtension.cs: 1136 - Found 19 in 3.252021.0C.02.63机器人连接板B-1
2026-04-22 09:15:33,330 INFO  ExportHelperExtension.cs: 1145 - Found 0 features of type [CoordSys] in 3.252021.0C.02.63机器人连接板B-1
2026-04-22 09:15:33,331 INFO  ExportHelperExtension.cs: 1125 - Retrieving features of type [CoordSys] from 3.252021.0C.02.64治具连接板-1
2026-04-22 09:15:33,331 INFO  ExportHelperExtension.cs: 1136 - Found 19 in 3.252021.0C.02.64治具连接板-1
2026-04-22 09:15:33,335 INFO  ExportHelperExtension.cs: 1145 - Found 0 features of type [CoordSys] in 3.252021.0C.02.64治具连接板-1
2026-04-22 09:15:33,455 INFO  ExportHelperExtension.cs: 1125 - Retrieving features of type [CoordSys] from 2.03.57.03.062001轴承钢定位销（φ6x20负公差0-0.01）-1
2026-04-22 09:15:33,455 INFO  ExportHelperExtension.cs: 1136 - Found 19 in 2.03.57.03.062001轴承钢定位销（φ6x20负公差0-0.01）-1
2026-04-22 09:15:33,456 INFO  ExportHelperExtension.cs: 1145 - Found 0 features of type [CoordSys] in 2.03.57.03.062001轴承钢定位销（φ6x20负公差0-0.01）-1
2026-04-22 09:15:33,456 INFO  ExportHelperExtension.cs: 1125 - Retrieving features of type [CoordSys] from 2.02.03.07.020341挤压角座（怡合达ABC01-206-20-34）-1
2026-04-22 09:15:33,457 INFO  ExportHelperExtension.cs: 1136 - Found 19 in 2.02.03.07.020341挤压角座（怡合达ABC01-206-20-34）-1
2026-04-22 09:15:33,457 INFO  ExportHelperExtension.cs: 1145 - Found 0 features of type [CoordSys] in 2.02.03.07.020341挤压角座（怡合达ABC01-206-20-34）-1
2026-04-22 09:15:33,457 INFO  ExportHelperExtension.cs: 1125 - Retrieving features of type [CoordSys] from 软袋吸盘（STP35-G2F内螺丝蓝色)-2
2026-04-22 09:15:33,458 INFO  ExportHelperExtension.cs: 1136 - Found 81 in 软袋吸盘（STP35-G2F内螺丝蓝色)-2
2026-04-22 09:15:33,458 INFO  ExportHelperExtension.cs: 1145 - Found 0 features of type [CoordSys] in 软袋吸盘（STP35-G2F内螺丝蓝色)-2
2026-04-22 09:15:33,459 INFO  ExportHelperExtension.cs: 1125 - Retrieving features of type [CoordSys] from 3.252021.0C.02.80金具-1
2026-04-22 09:15:33,459 INFO  ExportHelperExtension.cs: 1136 - Found 19 in 3.252021.0C.02.80金具-1
2026-04-22 09:15:33,459 INFO  ExportHelperExtension.cs: 1145 - Found 0 features of type [CoordSys] in 3.252021.0C.02.80金具-1
2026-04-22 09:15:33,460 INFO  ExportHelperExtension.cs: 1125 - Retrieving features of type [CoordSys] from 3.252021.0C.02.78连接板B-1
2026-04-22 09:15:33,460 INFO  ExportHelperExtension.cs: 1136 - Found 19 in 3.252021.0C.02.78连接板B-1
2026-04-22 09:15:33,461 INFO  ExportHelperExtension.cs: 1145 - Found 0 features of type [CoordSys] in 3.252021.0C.02.78连接板B-1
2026-04-22 09:15:33,461 INFO  ExportHelperExtension.cs: 1125 - Retrieving features of type [CoordSys] from 252021 PL801-2
2026-04-22 09:15:33,461 INFO  ExportHelperExtension.cs: 1136 - Found 19 in 252021 PL801-2
2026-04-22 09:15:33,462 INFO  ExportHelperExtension.cs: 1145 - Found 0 features of type [CoordSys] in 252021 PL801-2
2026-04-22 09:15:33,462 INFO  ExportHelperExtension.cs: 1125 - Retrieving features of type [CoordSys] from 3.252021.0C.02.81金具B-1
2026-04-22 09:15:33,462 INFO  ExportHelperExtension.cs: 1136 - Found 19 in 3.252021.0C.02.81金具B-1
2026-04-22 09:15:33,463 INFO  ExportHelperExtension.cs: 1145 - Found 0 features of type [CoordSys] in 3.252021.0C.02.81金具B-1
2026-04-22 09:15:33,463 INFO  ExportHelperExtension.cs: 1125 - Retrieving features of type [CoordSys] from 3.252021.0C.02.65真空发生器固定板-1
2026-04-22 09:15:33,464 INFO  ExportHelperExtension.cs: 1136 - Found 19 in 3.252021.0C.02.65真空发生器固定板-1
2026-04-22 09:15:33,464 INFO  ExportHelperExtension.cs: 1145 - Found 0 features of type [CoordSys] in 3.252021.0C.02.65真空发生器固定板-1
2026-04-22 09:15:33,464 INFO  ExportHelperExtension.cs: 1125 - Retrieving features of type [CoordSys] from 风琴软袋吸盘（ZP3P-T20JT5SF-AG01吸盘附件带接头）-1
2026-04-22 09:15:33,465 INFO  ExportHelperExtension.cs: 1136 - Found 20 in 风琴软袋吸盘（ZP3P-T20JT5SF-AG01吸盘附件带接头）-1
2026-04-22 09:15:33,465 INFO  ExportHelperExtension.cs: 1145 - Found 0 features of type [CoordSys] in 风琴软袋吸盘（ZP3P-T20JT5SF-AG01吸盘附件带接头）-1
2026-04-22 09:15:33,465 INFO  ExportHelperExtension.cs: 1125 - Retrieving features of type [CoordSys] from 2.03.05.01.012101薄型螺母M12x1.0-2
2026-04-22 09:15:33,466 INFO  ExportHelperExtension.cs: 1136 - Found 19 in 2.03.05.01.012101薄型螺母M12x1.0-2
2026-04-22 09:15:33,466 INFO  ExportHelperExtension.cs: 1145 - Found 0 features of type [CoordSys] in 2.03.05.01.012101薄型螺母M12x1.0-2
2026-04-22 09:15:33,466 INFO  ExportHelperExtension.cs: 1125 - Retrieving features of type [CoordSys] from 2.03.05.01.012101薄型螺母M12x1.0-3
2026-04-22 09:15:33,467 INFO  ExportHelperExtension.cs: 1136 - Found 19 in 2.03.05.01.012101薄型螺母M12x1.0-3
2026-04-22 09:15:33,467 INFO  ExportHelperExtension.cs: 1145 - Found 0 features of type [CoordSys] in 2.03.05.01.012101薄型螺母M12x1.0-3
2026-04-22 09:15:33,467 INFO  ExportHelperExtension.cs: 1125 - Retrieving features of type [CoordSys] from 2.03.05.01.012101薄型螺母M12x1.0-1
2026-04-22 09:15:33,468 INFO  ExportHelperExtension.cs: 1136 - Found 19 in 2.03.05.01.012101薄型螺母M12x1.0-1
2026-04-22 09:15:33,468 INFO  ExportHelperExtension.cs: 1145 - Found 0 features of type [CoordSys] in 2.03.05.01.012101薄型螺母M12x1.0-1
2026-04-22 09:15:33,468 INFO  ExportHelperExtension.cs: 1125 - Retrieving features of type [CoordSys] from 3.252021.0C.02.79吸盘固定杆-1
2026-04-22 09:15:33,469 INFO  ExportHelperExtension.cs: 1136 - Found 21 in 3.252021.0C.02.79吸盘固定杆-1
2026-04-22 09:15:33,469 INFO  ExportHelperExtension.cs: 1145 - Found 0 features of type [CoordSys] in 3.252021.0C.02.79吸盘固定杆-1
2026-04-22 09:15:33,469 INFO  ExportHelperExtension.cs: 1125 - Retrieving features of type [CoordSys] from 3.252021.0C.02.78连接板B-2
2026-04-22 09:15:33,470 INFO  ExportHelperExtension.cs: 1136 - Found 19 in 3.252021.0C.02.78连接板B-2
2026-04-22 09:15:33,470 INFO  ExportHelperExtension.cs: 1145 - Found 0 features of type [CoordSys] in 3.252021.0C.02.78连接板B-2
2026-04-22 09:15:33,470 INFO  ExportHelperExtension.cs: 1125 - Retrieving features of type [CoordSys] from 252021 PL801-1
2026-04-22 09:15:33,471 INFO  ExportHelperExtension.cs: 1136 - Found 19 in 252021 PL801-1
2026-04-22 09:15:33,471 INFO  ExportHelperExtension.cs: 1145 - Found 0 features of type [CoordSys] in 252021 PL801-1
2026-04-22 09:15:33,471 INFO  ExportHelperExtension.cs: 1125 - Retrieving features of type [CoordSys] from 3.252021.0C.02.65真空发生器固定板-2
2026-04-22 09:15:33,472 INFO  ExportHelperExtension.cs: 1136 - Found 19 in 3.252021.0C.02.65真空发生器固定板-2
2026-04-22 09:15:33,472 INFO  ExportHelperExtension.cs: 1145 - Found 0 features of type [CoordSys] in 3.252021.0C.02.65真空发生器固定板-2
2026-04-22 09:15:33,472 INFO  ExportHelperExtension.cs: 1125 - Retrieving features of type [CoordSys] from 软袋吸盘（STP35-G2F内螺丝蓝色)-1
2026-04-22 09:15:33,473 INFO  ExportHelperExtension.cs: 1136 - Found 81 in 软袋吸盘（STP35-G2F内螺丝蓝色)-1
2026-04-22 09:15:33,473 INFO  ExportHelperExtension.cs: 1145 - Found 0 features of type [CoordSys] in 软袋吸盘（STP35-G2F内螺丝蓝色)-1
2026-04-22 09:15:33,474 INFO  ExportHelperExtension.cs: 1125 - Retrieving features of type [CoordSys] from 2.02.08.01.030001多级真空发生器（BM30-B内置消音器）供应商八达路信茂，根据实物测绘-1
2026-04-22 09:15:33,474 INFO  ExportHelperExtension.cs: 1136 - Found 21 in 2.02.08.01.030001多级真空发生器（BM30-B内置消音器）供应商八达路信茂，根据实物测绘-1
2026-04-22 09:15:33,474 INFO  ExportHelperExtension.cs: 1145 - Found 0 features of type [CoordSys] in 2.02.08.01.030001多级真空发生器（BM30-B内置消音器）供应商八达路信茂，根据实物测绘-1
2026-04-22 09:15:33,475 INFO  ExportHelperExtension.cs: 1125 - Retrieving features of type [CoordSys] from 3.252021.0C.02.80金具-2
2026-04-22 09:15:33,475 INFO  ExportHelperExtension.cs: 1136 - Found 19 in 3.252021.0C.02.80金具-2
2026-04-22 09:15:33,475 INFO  ExportHelperExtension.cs: 1145 - Found 0 features of type [CoordSys] in 3.252021.0C.02.80金具-2
2026-04-22 09:15:33,475 INFO  ExportHelperExtension.cs: 1125 - Retrieving features of type [CoordSys] from 真空压力表（SMC-ZSE20-N-01-LA1）-1
2026-04-22 09:15:33,476 INFO  ExportHelperExtension.cs: 1136 - Found 21 in 真空压力表（SMC-ZSE20-N-01-LA1）-1
2026-04-22 09:15:33,476 INFO  ExportHelperExtension.cs: 1145 - Found 0 features of type [CoordSys] in 真空压力表（SMC-ZSE20-N-01-LA1）-1
2026-04-22 09:15:33,476 INFO  ExportHelperExtension.cs: 1125 - Retrieving features of type [CoordSys] from 2.02.08.01.030001多级真空发生器（BM30-B内置消音器）供应商八达路信茂，根据实物测绘-2
2026-04-22 09:15:33,477 INFO  ExportHelperExtension.cs: 1136 - Found 21 in 2.02.08.01.030001多级真空发生器（BM30-B内置消音器）供应商八达路信茂，根据实物测绘-2
2026-04-22 09:15:33,477 INFO  ExportHelperExtension.cs: 1145 - Found 0 features of type [CoordSys] in 2.02.08.01.030001多级真空发生器（BM30-B内置消音器）供应商八达路信茂，根据实物测绘-2
2026-04-22 09:15:33,477 INFO  ExportHelperExtension.cs: 1125 - Retrieving features of type [CoordSys] from 真空压力表（SMC-ZSE20-N-01-LA1）-2
2026-04-22 09:15:33,478 INFO  ExportHelperExtension.cs: 1136 - Found 21 in 真空压力表（SMC-ZSE20-N-01-LA1）-2
2026-04-22 09:15:33,478 INFO  ExportHelperExtension.cs: 1145 - Found 0 features of type [CoordSys] in 真空压力表（SMC-ZSE20-N-01-LA1）-2
2026-04-22 09:15:33,478 INFO  ExportHelperExtension.cs: 1125 - Retrieving features of type [RefAxis] from 夹吸组合夹具
2026-04-22 09:15:33,479 INFO  ExportHelperExtension.cs: 1136 - Found 48 in 夹吸组合夹具
2026-04-22 09:15:33,479 INFO  ExportHelperExtension.cs: 1145 - Found 0 features of type [RefAxis] in 夹吸组合夹具
2026-04-22 09:15:33,479 INFO  ExportHelperExtension.cs: 1148 - Proceeding through assembly components
2026-04-22 09:15:33,480 INFO  ExportHelperExtension.cs: 1160 - 26 components to check
2026-04-22 09:15:33,480 INFO  ExportHelperExtension.cs: 1125 - Retrieving features of type [RefAxis] from 3.252021.0C.02.75连接杆B_默认_按加工_-1
2026-04-22 09:15:33,480 INFO  ExportHelperExtension.cs: 1136 - Found 19 in 3.252021.0C.02.75连接杆B_默认_按加工_-1
2026-04-22 09:15:33,481 INFO  ExportHelperExtension.cs: 1145 - Found 0 features of type [RefAxis] in 3.252021.0C.02.75连接杆B_默认_按加工_-1
2026-04-22 09:15:33,481 INFO  ExportHelperExtension.cs: 1125 - Retrieving features of type [RefAxis] from 3.252021.0A.02.29固定板-1
2026-04-22 09:15:33,481 INFO  ExportHelperExtension.cs: 1136 - Found 19 in 3.252021.0A.02.29固定板-1
2026-04-22 09:15:33,482 INFO  ExportHelperExtension.cs: 1145 - Found 0 features of type [RefAxis] in 3.252021.0A.02.29固定板-1
2026-04-22 09:15:33,482 INFO  ExportHelperExtension.cs: 1125 - Retrieving features of type [RefAxis] from 3.252021.0C.02.63机器人连接板B-1
2026-04-22 09:15:33,483 INFO  ExportHelperExtension.cs: 1136 - Found 19 in 3.252021.0C.02.63机器人连接板B-1
2026-04-22 09:15:33,483 INFO  ExportHelperExtension.cs: 1145 - Found 0 features of type [RefAxis] in 3.252021.0C.02.63机器人连接板B-1
2026-04-22 09:15:33,483 INFO  ExportHelperExtension.cs: 1125 - Retrieving features of type [RefAxis] from 3.252021.0C.02.64治具连接板-1
2026-04-22 09:15:33,484 INFO  ExportHelperExtension.cs: 1136 - Found 19 in 3.252021.0C.02.64治具连接板-1
2026-04-22 09:15:33,484 INFO  ExportHelperExtension.cs: 1145 - Found 0 features of type [RefAxis] in 3.252021.0C.02.64治具连接板-1
2026-04-22 09:15:33,484 INFO  ExportHelperExtension.cs: 1125 - Retrieving features of type [RefAxis] from 2.03.57.03.062001轴承钢定位销（φ6x20负公差0-0.01）-1
2026-04-22 09:15:33,484 INFO  ExportHelperExtension.cs: 1136 - Found 19 in 2.03.57.03.062001轴承钢定位销（φ6x20负公差0-0.01）-1
2026-04-22 09:15:33,485 INFO  ExportHelperExtension.cs: 1145 - Found 0 features of type [RefAxis] in 2.03.57.03.062001轴承钢定位销（φ6x20负公差0-0.01）-1
2026-04-22 09:15:33,485 INFO  ExportHelperExtension.cs: 1125 - Retrieving features of type [RefAxis] from 2.02.03.07.020341挤压角座（怡合达ABC01-206-20-34）-1
2026-04-22 09:15:33,485 INFO  ExportHelperExtension.cs: 1136 - Found 19 in 2.02.03.07.020341挤压角座（怡合达ABC01-206-20-34）-1
2026-04-22 09:15:33,486 INFO  ExportHelperExtension.cs: 1145 - Found 0 features of type [RefAxis] in 2.02.03.07.020341挤压角座（怡合达ABC01-206-20-34）-1
2026-04-22 09:15:33,486 INFO  ExportHelperExtension.cs: 1125 - Retrieving features of type [RefAxis] from 软袋吸盘（STP35-G2F内螺丝蓝色)-2
2026-04-22 09:15:33,486 INFO  ExportHelperExtension.cs: 1136 - Found 81 in 软袋吸盘（STP35-G2F内螺丝蓝色)-2
2026-04-22 09:15:33,487 INFO  ExportHelperExtension.cs: 1145 - Found 0 features of type [RefAxis] in 软袋吸盘（STP35-G2F内螺丝蓝色)-2
2026-04-22 09:15:33,487 INFO  ExportHelperExtension.cs: 1125 - Retrieving features of type [RefAxis] from 3.252021.0C.02.80金具-1
2026-04-22 09:15:33,487 INFO  ExportHelperExtension.cs: 1136 - Found 19 in 3.252021.0C.02.80金具-1
2026-04-22 09:15:33,488 INFO  ExportHelperExtension.cs: 1145 - Found 0 features of type [RefAxis] in 3.252021.0C.02.80金具-1
2026-04-22 09:15:33,488 INFO  ExportHelperExtension.cs: 1125 - Retrieving features of type [RefAxis] from 3.252021.0C.02.78连接板B-1
2026-04-22 09:15:33,488 INFO  ExportHelperExtension.cs: 1136 - Found 19 in 3.252021.0C.02.78连接板B-1
2026-04-22 09:15:33,489 INFO  ExportHelperExtension.cs: 1145 - Found 0 features of type [RefAxis] in 3.252021.0C.02.78连接板B-1
2026-04-22 09:15:33,489 INFO  ExportHelperExtension.cs: 1125 - Retrieving features of type [RefAxis] from 252021 PL801-2
2026-04-22 09:15:33,490 INFO  ExportHelperExtension.cs: 1136 - Found 19 in 252021 PL801-2
2026-04-22 09:15:33,490 INFO  ExportHelperExtension.cs: 1145 - Found 0 features of type [RefAxis] in 252021 PL801-2
2026-04-22 09:15:33,491 INFO  ExportHelperExtension.cs: 1125 - Retrieving features of type [RefAxis] from 3.252021.0C.02.81金具B-1
2026-04-22 09:15:33,491 INFO  ExportHelperExtension.cs: 1136 - Found 19 in 3.252021.0C.02.81金具B-1
2026-04-22 09:15:33,491 INFO  ExportHelperExtension.cs: 1145 - Found 0 features of type [RefAxis] in 3.252021.0C.02.81金具B-1
2026-04-22 09:15:33,492 INFO  ExportHelperExtension.cs: 1125 - Retrieving features of type [RefAxis] from 3.252021.0C.02.65真空发生器固定板-1
2026-04-22 09:15:33,492 INFO  ExportHelperExtension.cs: 1136 - Found 19 in 3.252021.0C.02.65真空发生器固定板-1
2026-04-22 09:15:33,492 INFO  ExportHelperExtension.cs: 1145 - Found 0 features of type [RefAxis] in 3.252021.0C.02.65真空发生器固定板-1
2026-04-22 09:15:33,493 INFO  ExportHelperExtension.cs: 1125 - Retrieving features of type [RefAxis] from 风琴软袋吸盘（ZP3P-T20JT5SF-AG01吸盘附件带接头）-1
2026-04-22 09:15:33,493 INFO  ExportHelperExtension.cs: 1136 - Found 20 in 风琴软袋吸盘（ZP3P-T20JT5SF-AG01吸盘附件带接头）-1
2026-04-22 09:15:33,493 INFO  ExportHelperExtension.cs: 1145 - Found 0 features of type [RefAxis] in 风琴软袋吸盘（ZP3P-T20JT5SF-AG01吸盘附件带接头）-1
2026-04-22 09:15:33,494 INFO  ExportHelperExtension.cs: 1125 - Retrieving features of type [RefAxis] from 2.03.05.01.012101薄型螺母M12x1.0-2
2026-04-22 09:15:33,494 INFO  ExportHelperExtension.cs: 1136 - Found 19 in 2.03.05.01.012101薄型螺母M12x1.0-2
2026-04-22 09:15:33,494 INFO  ExportHelperExtension.cs: 1145 - Found 0 features of type [RefAxis] in 2.03.05.01.012101薄型螺母M12x1.0-2
2026-04-22 09:15:33,495 INFO  ExportHelperExtension.cs: 1125 - Retrieving features of type [RefAxis] from 2.03.05.01.012101薄型螺母M12x1.0-3
2026-04-22 09:15:33,495 INFO  ExportHelperExtension.cs: 1136 - Found 19 in 2.03.05.01.012101薄型螺母M12x1.0-3
2026-04-22 09:15:33,495 INFO  ExportHelperExtension.cs: 1145 - Found 0 features of type [RefAxis] in 2.03.05.01.012101薄型螺母M12x1.0-3
2026-04-22 09:15:33,496 INFO  ExportHelperExtension.cs: 1125 - Retrieving features of type [RefAxis] from 2.03.05.01.012101薄型螺母M12x1.0-1
2026-04-22 09:15:33,518 INFO  ExportHelperExtension.cs: 1136 - Found 19 in 2.03.05.01.012101薄型螺母M12x1.0-1
2026-04-22 09:15:33,518 INFO  ExportHelperExtension.cs: 1145 - Found 0 features of type [RefAxis] in 2.03.05.01.012101薄型螺母M12x1.0-1
2026-04-22 09:15:33,519 INFO  ExportHelperExtension.cs: 1125 - Retrieving features of type [RefAxis] from 3.252021.0C.02.79吸盘固定杆-1
2026-04-22 09:15:33,519 INFO  ExportHelperExtension.cs: 1136 - Found 21 in 3.252021.0C.02.79吸盘固定杆-1
2026-04-22 09:15:33,520 INFO  ExportHelperExtension.cs: 1145 - Found 0 features of type [RefAxis] in 3.252021.0C.02.79吸盘固定杆-1
2026-04-22 09:15:33,520 INFO  ExportHelperExtension.cs: 1125 - Retrieving features of type [RefAxis] from 3.252021.0C.02.78连接板B-2
2026-04-22 09:15:33,521 INFO  ExportHelperExtension.cs: 1136 - Found 19 in 3.252021.0C.02.78连接板B-2
2026-04-22 09:15:33,521 INFO  ExportHelperExtension.cs: 1145 - Found 0 features of type [RefAxis] in 3.252021.0C.02.78连接板B-2
2026-04-22 09:15:33,521 INFO  ExportHelperExtension.cs: 1125 - Retrieving features of type [RefAxis] from 252021 PL801-1
2026-04-22 09:15:33,522 INFO  ExportHelperExtension.cs: 1136 - Found 19 in 252021 PL801-1
2026-04-22 09:15:33,522 INFO  ExportHelperExtension.cs: 1145 - Found 0 features of type [RefAxis] in 252021 PL801-1
2026-04-22 09:15:33,522 INFO  ExportHelperExtension.cs: 1125 - Retrieving features of type [RefAxis] from 3.252021.0C.02.65真空发生器固定板-2
2026-04-22 09:15:33,523 INFO  ExportHelperExtension.cs: 1136 - Found 19 in 3.252021.0C.02.65真空发生器固定板-2
2026-04-22 09:15:33,523 INFO  ExportHelperExtension.cs: 1145 - Found 0 features of type [RefAxis] in 3.252021.0C.02.65真空发生器固定板-2
2026-04-22 09:15:33,523 INFO  ExportHelperExtension.cs: 1125 - Retrieving features of type [RefAxis] from 软袋吸盘（STP35-G2F内螺丝蓝色)-1
2026-04-22 09:15:33,524 INFO  ExportHelperExtension.cs: 1136 - Found 81 in 软袋吸盘（STP35-G2F内螺丝蓝色)-1
2026-04-22 09:15:33,524 INFO  ExportHelperExtension.cs: 1145 - Found 0 features of type [RefAxis] in 软袋吸盘（STP35-G2F内螺丝蓝色)-1
2026-04-22 09:15:33,525 INFO  ExportHelperExtension.cs: 1125 - Retrieving features of type [RefAxis] from 2.02.08.01.030001多级真空发生器（BM30-B内置消音器）供应商八达路信茂，根据实物测绘-1
2026-04-22 09:15:33,525 INFO  ExportHelperExtension.cs: 1136 - Found 21 in 2.02.08.01.030001多级真空发生器（BM30-B内置消音器）供应商八达路信茂，根据实物测绘-1
2026-04-22 09:15:33,525 INFO  ExportHelperExtension.cs: 1145 - Found 0 features of type [RefAxis] in 2.02.08.01.030001多级真空发生器（BM30-B内置消音器）供应商八达路信茂，根据实物测绘-1
2026-04-22 09:15:33,526 INFO  ExportHelperExtension.cs: 1125 - Retrieving features of type [RefAxis] from 3.252021.0C.02.80金具-2
2026-04-22 09:15:33,526 INFO  ExportHelperExtension.cs: 1136 - Found 19 in 3.252021.0C.02.80金具-2
2026-04-22 09:15:33,526 INFO  ExportHelperExtension.cs: 1145 - Found 0 features of type [RefAxis] in 3.252021.0C.02.80金具-2
2026-04-22 09:15:33,527 INFO  ExportHelperExtension.cs: 1125 - Retrieving features of type [RefAxis] from 真空压力表（SMC-ZSE20-N-01-LA1）-1
2026-04-22 09:15:33,527 INFO  ExportHelperExtension.cs: 1136 - Found 21 in 真空压力表（SMC-ZSE20-N-01-LA1）-1
2026-04-22 09:15:33,527 INFO  ExportHelperExtension.cs: 1145 - Found 0 features of type [RefAxis] in 真空压力表（SMC-ZSE20-N-01-LA1）-1
2026-04-22 09:15:33,528 INFO  ExportHelperExtension.cs: 1125 - Retrieving features of type [RefAxis] from 2.02.08.01.030001多级真空发生器（BM30-B内置消音器）供应商八达路信茂，根据实物测绘-2
2026-04-22 09:15:33,528 INFO  ExportHelperExtension.cs: 1136 - Found 21 in 2.02.08.01.030001多级真空发生器（BM30-B内置消音器）供应商八达路信茂，根据实物测绘-2
2026-04-22 09:15:33,528 INFO  ExportHelperExtension.cs: 1145 - Found 0 features of type [RefAxis] in 2.02.08.01.030001多级真空发生器（BM30-B内置消音器）供应商八达路信茂，根据实物测绘-2
2026-04-22 09:15:33,529 INFO  ExportHelperExtension.cs: 1125 - Retrieving features of type [RefAxis] from 真空压力表（SMC-ZSE20-N-01-LA1）-2
2026-04-22 09:15:33,529 INFO  ExportHelperExtension.cs: 1136 - Found 21 in 真空压力表（SMC-ZSE20-N-01-LA1）-2
2026-04-22 09:15:33,529 INFO  ExportHelperExtension.cs: 1145 - Found 0 features of type [RefAxis] in 真空压力表（SMC-ZSE20-N-01-LA1）-2
2026-04-22 09:15:33,581 INFO  ExportPropertyManager.cs: 1142 - AfterClose called. This method no longer throws an Exception. It just silently does nothing. Ok, except for this logging message
2026-04-22 09:16:26,775 INFO  SwAddin.cs: 294 - Assembly export called for file 夹吸组合夹具
2026-04-22 09:16:26,776 INFO  SwAddin.cs: 299 - Save is required
2026-04-22 09:16:26,776 INFO  SwAddin.cs: 313 - Saving assembly
2026-04-22 09:16:26,776 INFO  SwAddin.cs: 316 - Opening property manager
2026-04-22 09:16:26,776 INFO  ExportHelperExtension.cs: 1125 - Retrieving features of type [CoordSys] from 夹吸组合夹具
2026-04-22 09:16:26,777 INFO  ExportHelperExtension.cs: 1136 - Found 48 in 夹吸组合夹具
2026-04-22 09:16:26,777 INFO  ExportHelperExtension.cs: 1145 - Found 2 features of type [CoordSys] in 夹吸组合夹具
2026-04-22 09:16:26,777 INFO  ExportHelperExtension.cs: 1148 - Proceeding through assembly components
2026-04-22 09:16:26,778 INFO  ExportHelperExtension.cs: 1160 - 26 components to check
2026-04-22 09:16:26,778 INFO  ExportHelperExtension.cs: 1125 - Retrieving features of type [CoordSys] from 3.252021.0C.02.75连接杆B_默认_按加工_-1
2026-04-22 09:16:26,779 INFO  ExportHelperExtension.cs: 1136 - Found 19 in 3.252021.0C.02.75连接杆B_默认_按加工_-1
2026-04-22 09:16:26,779 INFO  ExportHelperExtension.cs: 1145 - Found 0 features of type [CoordSys] in 3.252021.0C.02.75连接杆B_默认_按加工_-1
2026-04-22 09:16:26,779 INFO  ExportHelperExtension.cs: 1125 - Retrieving features of type [CoordSys] from 3.252021.0A.02.29固定板-1
2026-04-22 09:16:26,780 INFO  ExportHelperExtension.cs: 1136 - Found 19 in 3.252021.0A.02.29固定板-1
2026-04-22 09:16:26,780 INFO  ExportHelperExtension.cs: 1145 - Found 0 features of type [CoordSys] in 3.252021.0A.02.29固定板-1
2026-04-22 09:16:26,780 INFO  ExportHelperExtension.cs: 1125 - Retrieving features of type [CoordSys] from 3.252021.0C.02.63机器人连接板B-1
2026-04-22 09:16:26,781 INFO  ExportHelperExtension.cs: 1136 - Found 19 in 3.252021.0C.02.63机器人连接板B-1
2026-04-22 09:16:26,781 INFO  ExportHelperExtension.cs: 1145 - Found 0 features of type [CoordSys] in 3.252021.0C.02.63机器人连接板B-1
2026-04-22 09:16:26,781 INFO  ExportHelperExtension.cs: 1125 - Retrieving features of type [CoordSys] from 3.252021.0C.02.64治具连接板-1
2026-04-22 09:16:26,782 INFO  ExportHelperExtension.cs: 1136 - Found 19 in 3.252021.0C.02.64治具连接板-1
2026-04-22 09:16:26,782 INFO  ExportHelperExtension.cs: 1145 - Found 0 features of type [CoordSys] in 3.252021.0C.02.64治具连接板-1
2026-04-22 09:16:26,782 INFO  ExportHelperExtension.cs: 1125 - Retrieving features of type [CoordSys] from 2.03.57.03.062001轴承钢定位销（φ6x20负公差0-0.01）-1
2026-04-22 09:16:26,783 INFO  ExportHelperExtension.cs: 1136 - Found 19 in 2.03.57.03.062001轴承钢定位销（φ6x20负公差0-0.01）-1
2026-04-22 09:16:26,783 INFO  ExportHelperExtension.cs: 1145 - Found 0 features of type [CoordSys] in 2.03.57.03.062001轴承钢定位销（φ6x20负公差0-0.01）-1
2026-04-22 09:16:26,783 INFO  ExportHelperExtension.cs: 1125 - Retrieving features of type [CoordSys] from 2.02.03.07.020341挤压角座（怡合达ABC01-206-20-34）-1
2026-04-22 09:16:26,784 INFO  ExportHelperExtension.cs: 1136 - Found 19 in 2.02.03.07.020341挤压角座（怡合达ABC01-206-20-34）-1
2026-04-22 09:16:26,784 INFO  ExportHelperExtension.cs: 1145 - Found 0 features of type [CoordSys] in 2.02.03.07.020341挤压角座（怡合达ABC01-206-20-34）-1
2026-04-22 09:16:26,784 INFO  ExportHelperExtension.cs: 1125 - Retrieving features of type [CoordSys] from 软袋吸盘（STP35-G2F内螺丝蓝色)-2
2026-04-22 09:16:26,785 INFO  ExportHelperExtension.cs: 1136 - Found 81 in 软袋吸盘（STP35-G2F内螺丝蓝色)-2
2026-04-22 09:16:26,785 INFO  ExportHelperExtension.cs: 1145 - Found 0 features of type [CoordSys] in 软袋吸盘（STP35-G2F内螺丝蓝色)-2
2026-04-22 09:16:26,785 INFO  ExportHelperExtension.cs: 1125 - Retrieving features of type [CoordSys] from 3.252021.0C.02.80金具-1
2026-04-22 09:16:26,786 INFO  ExportHelperExtension.cs: 1136 - Found 19 in 3.252021.0C.02.80金具-1
2026-04-22 09:16:26,786 INFO  ExportHelperExtension.cs: 1145 - Found 0 features of type [CoordSys] in 3.252021.0C.02.80金具-1
2026-04-22 09:16:26,786 INFO  ExportHelperExtension.cs: 1125 - Retrieving features of type [CoordSys] from 3.252021.0C.02.78连接板B-1
2026-04-22 09:16:26,787 INFO  ExportHelperExtension.cs: 1136 - Found 19 in 3.252021.0C.02.78连接板B-1
2026-04-22 09:16:26,787 INFO  ExportHelperExtension.cs: 1145 - Found 0 features of type [CoordSys] in 3.252021.0C.02.78连接板B-1
2026-04-22 09:16:26,787 INFO  ExportHelperExtension.cs: 1125 - Retrieving features of type [CoordSys] from 252021 PL801-2
2026-04-22 09:16:26,788 INFO  ExportHelperExtension.cs: 1136 - Found 19 in 252021 PL801-2
2026-04-22 09:16:26,788 INFO  ExportHelperExtension.cs: 1145 - Found 0 features of type [CoordSys] in 252021 PL801-2
2026-04-22 09:16:26,789 INFO  ExportHelperExtension.cs: 1125 - Retrieving features of type [CoordSys] from 3.252021.0C.02.81金具B-1
2026-04-22 09:16:26,789 INFO  ExportHelperExtension.cs: 1136 - Found 19 in 3.252021.0C.02.81金具B-1
2026-04-22 09:16:26,789 INFO  ExportHelperExtension.cs: 1145 - Found 0 features of type [CoordSys] in 3.252021.0C.02.81金具B-1
2026-04-22 09:16:26,790 INFO  ExportHelperExtension.cs: 1125 - Retrieving features of type [CoordSys] from 3.252021.0C.02.65真空发生器固定板-1
2026-04-22 09:16:26,790 INFO  ExportHelperExtension.cs: 1136 - Found 19 in 3.252021.0C.02.65真空发生器固定板-1
2026-04-22 09:16:26,790 INFO  ExportHelperExtension.cs: 1145 - Found 0 features of type [CoordSys] in 3.252021.0C.02.65真空发生器固定板-1
2026-04-22 09:16:26,791 INFO  ExportHelperExtension.cs: 1125 - Retrieving features of type [CoordSys] from 风琴软袋吸盘（ZP3P-T20JT5SF-AG01吸盘附件带接头）-1
2026-04-22 09:16:26,791 INFO  ExportHelperExtension.cs: 1136 - Found 20 in 风琴软袋吸盘（ZP3P-T20JT5SF-AG01吸盘附件带接头）-1
2026-04-22 09:16:26,791 INFO  ExportHelperExtension.cs: 1145 - Found 0 features of type [CoordSys] in 风琴软袋吸盘（ZP3P-T20JT5SF-AG01吸盘附件带接头）-1
2026-04-22 09:16:26,792 INFO  ExportHelperExtension.cs: 1125 - Retrieving features of type [CoordSys] from 2.03.05.01.012101薄型螺母M12x1.0-2
2026-04-22 09:16:26,792 INFO  ExportHelperExtension.cs: 1136 - Found 19 in 2.03.05.01.012101薄型螺母M12x1.0-2
2026-04-22 09:16:26,792 INFO  ExportHelperExtension.cs: 1145 - Found 0 features of type [CoordSys] in 2.03.05.01.012101薄型螺母M12x1.0-2
2026-04-22 09:16:26,792 INFO  ExportHelperExtension.cs: 1125 - Retrieving features of type [CoordSys] from 2.03.05.01.012101薄型螺母M12x1.0-3
2026-04-22 09:16:26,793 INFO  ExportHelperExtension.cs: 1136 - Found 19 in 2.03.05.01.012101薄型螺母M12x1.0-3
2026-04-22 09:16:26,793 INFO  ExportHelperExtension.cs: 1145 - Found 0 features of type [CoordSys] in 2.03.05.01.012101薄型螺母M12x1.0-3
2026-04-22 09:16:26,793 INFO  ExportHelperExtension.cs: 1125 - Retrieving features of type [CoordSys] from 2.03.05.01.012101薄型螺母M12x1.0-1
2026-04-22 09:16:26,794 INFO  ExportHelperExtension.cs: 1136 - Found 19 in 2.03.05.01.012101薄型螺母M12x1.0-1
2026-04-22 09:16:26,794 INFO  ExportHelperExtension.cs: 1145 - Found 0 features of type [CoordSys] in 2.03.05.01.012101薄型螺母M12x1.0-1
2026-04-22 09:16:26,794 INFO  ExportHelperExtension.cs: 1125 - Retrieving features of type [CoordSys] from 3.252021.0C.02.79吸盘固定杆-1
2026-04-22 09:16:26,795 INFO  ExportHelperExtension.cs: 1136 - Found 21 in 3.252021.0C.02.79吸盘固定杆-1
2026-04-22 09:16:26,795 INFO  ExportHelperExtension.cs: 1145 - Found 0 features of type [CoordSys] in 3.252021.0C.02.79吸盘固定杆-1
2026-04-22 09:16:26,795 INFO  ExportHelperExtension.cs: 1125 - Retrieving features of type [CoordSys] from 3.252021.0C.02.78连接板B-2
2026-04-22 09:16:26,796 INFO  ExportHelperExtension.cs: 1136 - Found 19 in 3.252021.0C.02.78连接板B-2
2026-04-22 09:16:26,796 INFO  ExportHelperExtension.cs: 1145 - Found 0 features of type [CoordSys] in 3.252021.0C.02.78连接板B-2
2026-04-22 09:16:26,796 INFO  ExportHelperExtension.cs: 1125 - Retrieving features of type [CoordSys] from 252021 PL801-1
2026-04-22 09:16:26,797 INFO  ExportHelperExtension.cs: 1136 - Found 19 in 252021 PL801-1
2026-04-22 09:16:26,797 INFO  ExportHelperExtension.cs: 1145 - Found 0 features of type [CoordSys] in 252021 PL801-1
2026-04-22 09:16:26,797 INFO  ExportHelperExtension.cs: 1125 - Retrieving features of type [CoordSys] from 3.252021.0C.02.65真空发生器固定板-2
2026-04-22 09:16:26,798 INFO  ExportHelperExtension.cs: 1136 - Found 19 in 3.252021.0C.02.65真空发生器固定板-2
2026-04-22 09:16:26,798 INFO  ExportHelperExtension.cs: 1145 - Found 0 features of type [CoordSys] in 3.252021.0C.02.65真空发生器固定板-2
2026-04-22 09:16:26,798 INFO  ExportHelperExtension.cs: 1125 - Retrieving features of type [CoordSys] from 软袋吸盘（STP35-G2F内螺丝蓝色)-1
2026-04-22 09:16:26,799 INFO  ExportHelperExtension.cs: 1136 - Found 81 in 软袋吸盘（STP35-G2F内螺丝蓝色)-1
2026-04-22 09:16:26,799 INFO  ExportHelperExtension.cs: 1145 - Found 0 features of type [CoordSys] in 软袋吸盘（STP35-G2F内螺丝蓝色)-1
2026-04-22 09:16:26,799 INFO  ExportHelperExtension.cs: 1125 - Retrieving features of type [CoordSys] from 2.02.08.01.030001多级真空发生器（BM30-B内置消音器）供应商八达路信茂，根据实物测绘-1
2026-04-22 09:16:26,800 INFO  ExportHelperExtension.cs: 1136 - Found 21 in 2.02.08.01.030001多级真空发生器（BM30-B内置消音器）供应商八达路信茂，根据实物测绘-1
2026-04-22 09:16:26,800 INFO  ExportHelperExtension.cs: 1145 - Found 0 features of type [CoordSys] in 2.02.08.01.030001多级真空发生器（BM30-B内置消音器）供应商八达路信茂，根据实物测绘-1
2026-04-22 09:16:26,800 INFO  ExportHelperExtension.cs: 1125 - Retrieving features of type [CoordSys] from 3.252021.0C.02.80金具-2
2026-04-22 09:16:26,801 INFO  ExportHelperExtension.cs: 1136 - Found 19 in 3.252021.0C.02.80金具-2
2026-04-22 09:16:26,801 INFO  ExportHelperExtension.cs: 1145 - Found 0 features of type [CoordSys] in 3.252021.0C.02.80金具-2
2026-04-22 09:16:26,801 INFO  ExportHelperExtension.cs: 1125 - Retrieving features of type [CoordSys] from 真空压力表（SMC-ZSE20-N-01-LA1）-1
2026-04-22 09:16:26,801 INFO  ExportHelperExtension.cs: 1136 - Found 21 in 真空压力表（SMC-ZSE20-N-01-LA1）-1
2026-04-22 09:16:26,802 INFO  ExportHelperExtension.cs: 1145 - Found 0 features of type [CoordSys] in 真空压力表（SMC-ZSE20-N-01-LA1）-1
2026-04-22 09:16:26,802 INFO  ExportHelperExtension.cs: 1125 - Retrieving features of type [CoordSys] from 2.02.08.01.030001多级真空发生器（BM30-B内置消音器）供应商八达路信茂，根据实物测绘-2
2026-04-22 09:16:26,802 INFO  ExportHelperExtension.cs: 1136 - Found 21 in 2.02.08.01.030001多级真空发生器（BM30-B内置消音器）供应商八达路信茂，根据实物测绘-2
2026-04-22 09:16:26,803 INFO  ExportHelperExtension.cs: 1145 - Found 0 features of type [CoordSys] in 2.02.08.01.030001多级真空发生器（BM30-B内置消音器）供应商八达路信茂，根据实物测绘-2
2026-04-22 09:16:26,803 INFO  ExportHelperExtension.cs: 1125 - Retrieving features of type [CoordSys] from 真空压力表（SMC-ZSE20-N-01-LA1）-2
2026-04-22 09:16:26,804 INFO  ExportHelperExtension.cs: 1136 - Found 21 in 真空压力表（SMC-ZSE20-N-01-LA1）-2
2026-04-22 09:16:26,804 INFO  ExportHelperExtension.cs: 1145 - Found 0 features of type [CoordSys] in 真空压力表（SMC-ZSE20-N-01-LA1）-2
2026-04-22 09:16:26,804 INFO  ExportHelperExtension.cs: 1125 - Retrieving features of type [RefAxis] from 夹吸组合夹具
2026-04-22 09:16:26,805 INFO  ExportHelperExtension.cs: 1136 - Found 48 in 夹吸组合夹具
2026-04-22 09:16:26,805 INFO  ExportHelperExtension.cs: 1145 - Found 0 features of type [RefAxis] in 夹吸组合夹具
2026-04-22 09:16:26,805 INFO  ExportHelperExtension.cs: 1148 - Proceeding through assembly components
2026-04-22 09:16:26,805 INFO  ExportHelperExtension.cs: 1160 - 26 components to check
2026-04-22 09:16:26,806 INFO  ExportHelperExtension.cs: 1125 - Retrieving features of type [RefAxis] from 3.252021.0C.02.75连接杆B_默认_按加工_-1
2026-04-22 09:16:26,806 INFO  ExportHelperExtension.cs: 1136 - Found 19 in 3.252021.0C.02.75连接杆B_默认_按加工_-1
2026-04-22 09:16:26,806 INFO  ExportHelperExtension.cs: 1145 - Found 0 features of type [RefAxis] in 3.252021.0C.02.75连接杆B_默认_按加工_-1
2026-04-22 09:16:26,807 INFO  ExportHelperExtension.cs: 1125 - Retrieving features of type [RefAxis] from 3.252021.0A.02.29固定板-1
2026-04-22 09:16:26,807 INFO  ExportHelperExtension.cs: 1136 - Found 19 in 3.252021.0A.02.29固定板-1
2026-04-22 09:16:26,807 INFO  ExportHelperExtension.cs: 1145 - Found 0 features of type [RefAxis] in 3.252021.0A.02.29固定板-1
2026-04-22 09:16:26,808 INFO  ExportHelperExtension.cs: 1125 - Retrieving features of type [RefAxis] from 3.252021.0C.02.63机器人连接板B-1
2026-04-22 09:16:26,808 INFO  ExportHelperExtension.cs: 1136 - Found 19 in 3.252021.0C.02.63机器人连接板B-1
2026-04-22 09:16:26,808 INFO  ExportHelperExtension.cs: 1145 - Found 0 features of type [RefAxis] in 3.252021.0C.02.63机器人连接板B-1
2026-04-22 09:16:26,809 INFO  ExportHelperExtension.cs: 1125 - Retrieving features of type [RefAxis] from 3.252021.0C.02.64治具连接板-1
2026-04-22 09:16:26,809 INFO  ExportHelperExtension.cs: 1136 - Found 19 in 3.252021.0C.02.64治具连接板-1
2026-04-22 09:16:26,809 INFO  ExportHelperExtension.cs: 1145 - Found 0 features of type [RefAxis] in 3.252021.0C.02.64治具连接板-1
2026-04-22 09:16:26,810 INFO  ExportHelperExtension.cs: 1125 - Retrieving features of type [RefAxis] from 2.03.57.03.062001轴承钢定位销（φ6x20负公差0-0.01）-1
2026-04-22 09:16:26,810 INFO  ExportHelperExtension.cs: 1136 - Found 19 in 2.03.57.03.062001轴承钢定位销（φ6x20负公差0-0.01）-1
2026-04-22 09:16:26,819 INFO  ExportHelperExtension.cs: 1145 - Found 0 features of type [RefAxis] in 2.03.57.03.062001轴承钢定位销（φ6x20负公差0-0.01）-1
2026-04-22 09:16:26,846 INFO  ExportHelperExtension.cs: 1125 - Retrieving features of type [RefAxis] from 2.02.03.07.020341挤压角座（怡合达ABC01-206-20-34）-1
2026-04-22 09:16:26,846 INFO  ExportHelperExtension.cs: 1136 - Found 19 in 2.02.03.07.020341挤压角座（怡合达ABC01-206-20-34）-1
2026-04-22 09:16:26,847 INFO  ExportHelperExtension.cs: 1145 - Found 0 features of type [RefAxis] in 2.02.03.07.020341挤压角座（怡合达ABC01-206-20-34）-1
2026-04-22 09:16:26,847 INFO  ExportHelperExtension.cs: 1125 - Retrieving features of type [RefAxis] from 软袋吸盘（STP35-G2F内螺丝蓝色)-2
2026-04-22 09:16:26,848 INFO  ExportHelperExtension.cs: 1136 - Found 81 in 软袋吸盘（STP35-G2F内螺丝蓝色)-2
2026-04-22 09:16:26,848 INFO  ExportHelperExtension.cs: 1145 - Found 0 features of type [RefAxis] in 软袋吸盘（STP35-G2F内螺丝蓝色)-2
2026-04-22 09:16:26,849 INFO  ExportHelperExtension.cs: 1125 - Retrieving features of type [RefAxis] from 3.252021.0C.02.80金具-1
2026-04-22 09:16:26,849 INFO  ExportHelperExtension.cs: 1136 - Found 19 in 3.252021.0C.02.80金具-1
2026-04-22 09:16:26,850 INFO  ExportHelperExtension.cs: 1145 - Found 0 features of type [RefAxis] in 3.252021.0C.02.80金具-1
2026-04-22 09:16:26,850 INFO  ExportHelperExtension.cs: 1125 - Retrieving features of type [RefAxis] from 3.252021.0C.02.78连接板B-1
2026-04-22 09:16:26,850 INFO  ExportHelperExtension.cs: 1136 - Found 19 in 3.252021.0C.02.78连接板B-1
2026-04-22 09:16:26,851 INFO  ExportHelperExtension.cs: 1145 - Found 0 features of type [RefAxis] in 3.252021.0C.02.78连接板B-1
2026-04-22 09:16:26,851 INFO  ExportHelperExtension.cs: 1125 - Retrieving features of type [RefAxis] from 252021 PL801-2
2026-04-22 09:16:26,851 INFO  ExportHelperExtension.cs: 1136 - Found 19 in 252021 PL801-2
2026-04-22 09:16:26,852 INFO  ExportHelperExtension.cs: 1145 - Found 0 features of type [RefAxis] in 252021 PL801-2
2026-04-22 09:16:26,852 INFO  ExportHelperExtension.cs: 1125 - Retrieving features of type [RefAxis] from 3.252021.0C.02.81金具B-1
2026-04-22 09:16:26,852 INFO  ExportHelperExtension.cs: 1136 - Found 19 in 3.252021.0C.02.81金具B-1
2026-04-22 09:16:26,853 INFO  ExportHelperExtension.cs: 1145 - Found 0 features of type [RefAxis] in 3.252021.0C.02.81金具B-1
2026-04-22 09:16:26,853 INFO  ExportHelperExtension.cs: 1125 - Retrieving features of type [RefAxis] from 3.252021.0C.02.65真空发生器固定板-1
2026-04-22 09:16:26,854 INFO  ExportHelperExtension.cs: 1136 - Found 19 in 3.252021.0C.02.65真空发生器固定板-1
2026-04-22 09:16:26,854 INFO  ExportHelperExtension.cs: 1145 - Found 0 features of type [RefAxis] in 3.252021.0C.02.65真空发生器固定板-1
2026-04-22 09:16:26,854 INFO  ExportHelperExtension.cs: 1125 - Retrieving features of type [RefAxis] from 风琴软袋吸盘（ZP3P-T20JT5SF-AG01吸盘附件带接头）-1
2026-04-22 09:16:26,855 INFO  ExportHelperExtension.cs: 1136 - Found 20 in 风琴软袋吸盘（ZP3P-T20JT5SF-AG01吸盘附件带接头）-1
2026-04-22 09:16:26,855 INFO  ExportHelperExtension.cs: 1145 - Found 0 features of type [RefAxis] in 风琴软袋吸盘（ZP3P-T20JT5SF-AG01吸盘附件带接头）-1
2026-04-22 09:16:26,855 INFO  ExportHelperExtension.cs: 1125 - Retrieving features of type [RefAxis] from 2.03.05.01.012101薄型螺母M12x1.0-2
2026-04-22 09:16:26,856 INFO  ExportHelperExtension.cs: 1136 - Found 19 in 2.03.05.01.012101薄型螺母M12x1.0-2
2026-04-22 09:16:26,856 INFO  ExportHelperExtension.cs: 1145 - Found 0 features of type [RefAxis] in 2.03.05.01.012101薄型螺母M12x1.0-2
2026-04-22 09:16:26,856 INFO  ExportHelperExtension.cs: 1125 - Retrieving features of type [RefAxis] from 2.03.05.01.012101薄型螺母M12x1.0-3
2026-04-22 09:16:26,857 INFO  ExportHelperExtension.cs: 1136 - Found 19 in 2.03.05.01.012101薄型螺母M12x1.0-3
2026-04-22 09:16:26,857 INFO  ExportHelperExtension.cs: 1145 - Found 0 features of type [RefAxis] in 2.03.05.01.012101薄型螺母M12x1.0-3
2026-04-22 09:16:26,857 INFO  ExportHelperExtension.cs: 1125 - Retrieving features of type [RefAxis] from 2.03.05.01.012101薄型螺母M12x1.0-1
2026-04-22 09:16:26,858 INFO  ExportHelperExtension.cs: 1136 - Found 19 in 2.03.05.01.012101薄型螺母M12x1.0-1
2026-04-22 09:16:26,858 INFO  ExportHelperExtension.cs: 1145 - Found 0 features of type [RefAxis] in 2.03.05.01.012101薄型螺母M12x1.0-1
2026-04-22 09:16:26,858 INFO  ExportHelperExtension.cs: 1125 - Retrieving features of type [RefAxis] from 3.252021.0C.02.79吸盘固定杆-1
2026-04-22 09:16:26,859 INFO  ExportHelperExtension.cs: 1136 - Found 21 in 3.252021.0C.02.79吸盘固定杆-1
2026-04-22 09:16:26,859 INFO  ExportHelperExtension.cs: 1145 - Found 0 features of type [RefAxis] in 3.252021.0C.02.79吸盘固定杆-1
2026-04-22 09:16:26,859 INFO  ExportHelperExtension.cs: 1125 - Retrieving features of type [RefAxis] from 3.252021.0C.02.78连接板B-2
2026-04-22 09:16:26,859 INFO  ExportHelperExtension.cs: 1136 - Found 19 in 3.252021.0C.02.78连接板B-2
2026-04-22 09:16:26,860 INFO  ExportHelperExtension.cs: 1145 - Found 0 features of type [RefAxis] in 3.252021.0C.02.78连接板B-2
2026-04-22 09:16:26,860 INFO  ExportHelperExtension.cs: 1125 - Retrieving features of type [RefAxis] from 252021 PL801-1
2026-04-22 09:16:26,860 INFO  ExportHelperExtension.cs: 1136 - Found 19 in 252021 PL801-1
2026-04-22 09:16:26,861 INFO  ExportHelperExtension.cs: 1145 - Found 0 features of type [RefAxis] in 252021 PL801-1
2026-04-22 09:16:26,861 INFO  ExportHelperExtension.cs: 1125 - Retrieving features of type [RefAxis] from 3.252021.0C.02.65真空发生器固定板-2
2026-04-22 09:16:26,861 INFO  ExportHelperExtension.cs: 1136 - Found 19 in 3.252021.0C.02.65真空发生器固定板-2
2026-04-22 09:16:26,862 INFO  ExportHelperExtension.cs: 1145 - Found 0 features of type [RefAxis] in 3.252021.0C.02.65真空发生器固定板-2
2026-04-22 09:16:26,862 INFO  ExportHelperExtension.cs: 1125 - Retrieving features of type [RefAxis] from 软袋吸盘（STP35-G2F内螺丝蓝色)-1
2026-04-22 09:16:26,862 INFO  ExportHelperExtension.cs: 1136 - Found 81 in 软袋吸盘（STP35-G2F内螺丝蓝色)-1
2026-04-22 09:16:26,863 INFO  ExportHelperExtension.cs: 1145 - Found 0 features of type [RefAxis] in 软袋吸盘（STP35-G2F内螺丝蓝色)-1
2026-04-22 09:16:26,863 INFO  ExportHelperExtension.cs: 1125 - Retrieving features of type [RefAxis] from 2.02.08.01.030001多级真空发生器（BM30-B内置消音器）供应商八达路信茂，根据实物测绘-1
2026-04-22 09:16:26,863 INFO  ExportHelperExtension.cs: 1136 - Found 21 in 2.02.08.01.030001多级真空发生器（BM30-B内置消音器）供应商八达路信茂，根据实物测绘-1
2026-04-22 09:16:26,864 INFO  ExportHelperExtension.cs: 1145 - Found 0 features of type [RefAxis] in 2.02.08.01.030001多级真空发生器（BM30-B内置消音器）供应商八达路信茂，根据实物测绘-1
2026-04-22 09:16:26,864 INFO  ExportHelperExtension.cs: 1125 - Retrieving features of type [RefAxis] from 3.252021.0C.02.80金具-2
2026-04-22 09:16:26,865 INFO  ExportHelperExtension.cs: 1136 - Found 19 in 3.252021.0C.02.80金具-2
2026-04-22 09:16:26,865 INFO  ExportHelperExtension.cs: 1145 - Found 0 features of type [RefAxis] in 3.252021.0C.02.80金具-2
2026-04-22 09:16:26,865 INFO  ExportHelperExtension.cs: 1125 - Retrieving features of type [RefAxis] from 真空压力表（SMC-ZSE20-N-01-LA1）-1
2026-04-22 09:16:26,866 INFO  ExportHelperExtension.cs: 1136 - Found 21 in 真空压力表（SMC-ZSE20-N-01-LA1）-1
2026-04-22 09:16:26,866 INFO  ExportHelperExtension.cs: 1145 - Found 0 features of type [RefAxis] in 真空压力表（SMC-ZSE20-N-01-LA1）-1
2026-04-22 09:16:26,866 INFO  ExportHelperExtension.cs: 1125 - Retrieving features of type [RefAxis] from 2.02.08.01.030001多级真空发生器（BM30-B内置消音器）供应商八达路信茂，根据实物测绘-2
2026-04-22 09:16:26,866 INFO  ExportHelperExtension.cs: 1136 - Found 21 in 2.02.08.01.030001多级真空发生器（BM30-B内置消音器）供应商八达路信茂，根据实物测绘-2
2026-04-22 09:16:26,867 INFO  ExportHelperExtension.cs: 1145 - Found 0 features of type [RefAxis] in 2.02.08.01.030001多级真空发生器（BM30-B内置消音器）供应商八达路信茂，根据实物测绘-2
2026-04-22 09:16:26,867 INFO  ExportHelperExtension.cs: 1125 - Retrieving features of type [RefAxis] from 真空压力表（SMC-ZSE20-N-01-LA1）-2
2026-04-22 09:16:26,867 INFO  ExportHelperExtension.cs: 1136 - Found 21 in 真空压力表（SMC-ZSE20-N-01-LA1）-2
2026-04-22 09:16:26,868 INFO  ExportHelperExtension.cs: 1145 - Found 0 features of type [RefAxis] in 真空压力表（SMC-ZSE20-N-01-LA1）-2
2026-04-22 09:16:27,039 INFO  SwAddin.cs: 339 - Loading config tree
2026-04-22 09:16:27,039 INFO  ConfigurationSerialization.cs: 276 - URDF Configuration found
<Link z:Id="i1" xmlns="http://schemas.datacontract.org/2004/07/SW2URDF" xmlns:i="http://www.w3.org/2001/XMLSchema-instance" xmlns:z="http://schemas.microsoft.com/2003/10/Serialization/"><Attributes><Attribute z:Id="i2"><AttributeType>name</AttributeType><IsRequired>true</IsRequired><Value i:type="a:string" xmlns:a="http://www.w3.org/2001/XMLSchema">base_link</Value></Attribute></Attributes><ChildElements><URDFElement z:Id="i3" i:type="Inertial"><Attributes/><ChildElements><URDFElement z:Id="i4" i:type="Origin"><Attributes><Attribute z:Id="i5"><AttributeType>xyz</AttributeType><IsRequired>true</IsRequired><Value i:type="a:ArrayOfdouble" xmlns:a="http://schemas.microsoft.com/2003/10/Serialization/Arrays"><a:double>0</a:double><a:double>0</a:double><a:double>0</a:double></Value></Attribute><Attribute z:Id="i6"><AttributeType>rpy</AttributeType><IsRequired>true</IsRequired><Value i:type="a:ArrayOfdouble" xmlns:a="http://schemas.microsoft.com/2003/10/Serialization/Arrays"><a:double>0</a:double><a:double>0</a:double><a:double>0</a:double></Value></Attribute></Attributes><ChildElements/><ElementName>origin</ElementName><required>false</required><RPYAttribute z:Ref="i6"/><XYZAttribute z:Ref="i5"/><isCustomized>false</isCustomized></URDFElement><URDFElement z:Id="i7" i:type="Mass"><Attributes><Attribute z:Id="i8"><AttributeType>value</AttributeType><IsRequired>true</IsRequired><Value i:type="a:double" xmlns:a="http://www.w3.org/2001/XMLSchema">0</Value></Attribute></Attributes><ChildElements/><ElementName>mass</ElementName><required>false</required><ValueAttribute z:Ref="i8"/></URDFElement><URDFElement z:Id="i9" i:type="Inertia"><Attributes><Attribute z:Id="i10"><AttributeType>ixx</AttributeType><IsRequired>true</IsRequired><Value i:type="a:double" xmlns:a="http://www.w3.org/2001/XMLSchema">0</Value></Attribute><Attribute z:Id="i11"><AttributeType>ixy</AttributeType><IsRequired>true</IsRequired><Value i:type="a:double" xmlns:a="http://www.w3.org/2001/XMLSchema">0</Value></Attribute><Attribute z:Id="i12"><AttributeType>ixz</AttributeType><IsRequired>true</IsRequired><Value i:type="a:double" xmlns:a="http://www.w3.org/2001/XMLSchema">0</Value></Attribute><Attribute z:Id="i13"><AttributeType>iyy</AttributeType><IsRequired>true</IsRequired><Value i:type="a:double" xmlns:a="http://www.w3.org/2001/XMLSchema">0</Value></Attribute><Attribute z:Id="i14"><AttributeType>iyz</AttributeType><IsRequired>true</IsRequired><Value i:type="a:double" xmlns:a="http://www.w3.org/2001/XMLSchema">0</Value></Attribute><Attribute z:Id="i15"><AttributeType>izz</AttributeType><IsRequired>true</IsRequired><Value i:type="a:double" xmlns:a="http://www.w3.org/2001/XMLSchema">0</Value></Attribute></Attributes><ChildElements/><ElementName>inertia</ElementName><required>false</required><IxxAttribute z:Ref="i10"/><IxyAttribute z:Ref="i11"/><IxzAttribute z:Ref="i12"/><IyyAttribute z:Ref="i13"/><IyzAttribute z:Ref="i14"/><IzzAttribute z:Ref="i15"/></URDFElement></ChildElements><ElementName>inertial</ElementName><required>false</required><Inertia z:Ref="i9"/><Mass z:Ref="i7"/><Origin z:Ref="i4"/></URDFElement><URDFElement z:Id="i16" i:type="Visual"><Attributes/><ChildElements><URDFElement z:Id="i17" i:type="Origin"><Attributes><Attribute z:Id="i18"><AttributeType>xyz</AttributeType><IsRequired>true</IsRequired><Value i:type="a:ArrayOfdouble" xmlns:a="http://schemas.microsoft.com/2003/10/Serialization/Arrays"><a:double>0</a:double><a:double>0</a:double><a:double>0</a:double></Value></Attribute><Attribute z:Id="i19"><AttributeType>rpy</AttributeType><IsRequired>true</IsRequired><Value i:type="a:ArrayOfdouble" xmlns:a="http://schemas.microsoft.com/2003/10/Serialization/Arrays"><a:double>0</a:double><a:double>0</a:double><a:double>0</a:double></Value></Attribute></Attributes><ChildElements/><ElementName>origin</ElementName><required>false</required><RPYAttribute z:Ref="i19"/><XYZAttribute z:Ref="i18"/><isCustomized>false</isCustomized></URDFElement><URDFElement z:Id="i20" i:type="Geometry"><Attributes/><ChildElements><URDFElement z:Id="i21" i:type="Mesh"><Attributes><Attribute z:Id="i22"><AttributeType>filename</AttributeType><IsRequired>true</IsRequired><Value i:nil="true"/></Attribute></Attributes><ChildElements/><ElementName>mesh</ElementName><required>false</required><FilenameAttribute z:Ref="i22"/></URDFElement></ChildElements><ElementName>geometry</ElementName><required>true</required><Mesh z:Ref="i21"/></URDFElement><URDFElement z:Id="i23" i:type="Material"><Attributes><Attribute z:Id="i24"><AttributeType>name</AttributeType><IsRequired>true</IsRequired><Value i:type="a:string" xmlns:a="http://www.w3.org/2001/XMLSchema"/></Attribute></Attributes><ChildElements><URDFElement z:Id="i25" i:type="Color"><Attributes><Attribute z:Id="i26"><AttributeType>rgba</AttributeType><IsRequired>true</IsRequired><Value i:type="a:ArrayOfdouble" xmlns:a="http://schemas.microsoft.com/2003/10/Serialization/Arrays"><a:double>1</a:double><a:double>1</a:double><a:double>1</a:double><a:double>1</a:double></Value></Attribute></Attributes><ChildElements/><ElementName>color</ElementName><required>false</required><RGBAAttribute z:Ref="i26"/></URDFElement><URDFElement z:Id="i27" i:type="Texture"><Attributes><Attribute z:Id="i28"><AttributeType>filename</AttributeType><IsRequired>true</IsRequired><Value i:nil="true"/></Attribute></Attributes><ChildElements/><ElementName>texture</ElementName><required>false</required><FilenameAttribute z:Ref="i28"/><wFilename/></URDFElement></ChildElements><ElementName>material</ElementName><required>false</required><Color z:Ref="i25"/><NameAttribute z:Ref="i24"/><Texture z:Ref="i27"/></URDFElement></ChildElements><ElementName>visual</ElementName><required>false</required><Geometry z:Ref="i20"/><Material z:Ref="i23"/><Origin z:Ref="i17"/></URDFElement><URDFElement z:Id="i29" i:type="Collision"><Attributes/><ChildElements><URDFElement z:Id="i30" i:type="Origin"><Attributes><Attribute z:Id="i31"><AttributeType>xyz</AttributeType><IsRequired>true</IsRequired><Value i:type="a:ArrayOfdouble" xmlns:a="http://schemas.microsoft.com/2003/10/Serialization/Arrays"><a:double>0</a:double><a:double>0</a:double><a:double>0</a:double></Value></Attribute><Attribute z:Id="i32"><AttributeType>rpy</AttributeType><IsRequired>true</IsRequired><Value i:type="a:ArrayOfdouble" xmlns:a="http://schemas.microsoft.com/2003/10/Serialization/Arrays"><a:double>0</a:double><a:double>0</a:double><a:double>0</a:double></Value></Attribute></Attributes><ChildElements/><ElementName>origin</ElementName><required>false</required><RPYAttribute z:Ref="i32"/><XYZAttribute z:Ref="i31"/><isCustomized>false</isCustomized></URDFElement><URDFElement z:Id="i33" i:type="Geometry"><Attributes/><ChildElements><URDFElement z:Id="i34" i:type="Mesh"><Attributes><Attribute z:Id="i35"><AttributeType>filename</AttributeType><IsRequired>true</IsRequired><Value i:nil="true"/></Attribute></Attributes><ChildElements/><ElementName>mesh</ElementName><required>false</required><FilenameAttribute z:Ref="i35"/></URDFElement></ChildElements><ElementName>geometry</ElementName><required>true</required><Mesh z:Ref="i34"/></URDFElement></ChildElements><ElementName>collision</ElementName><required>false</required><Geometry z:Ref="i33"/><Origin z:Ref="i30"/></URDFElement><URDFElement z:Id="i36" i:type="Joint"><Attributes><Attribute z:Id="i37"><AttributeType>name</AttributeType><IsRequired>true</IsRequired><Value i:type="a:string" xmlns:a="http://www.w3.org/2001/XMLSchema"/></Attribute><Attribute z:Id="i38"><AttributeType>type</AttributeType><IsRequired>true</IsRequired><Value i:type="a:string" xmlns:a="http://www.w3.org/2001/XMLSchema"/></Attribute></Attributes><ChildElements><URDFElement z:Id="i39" i:type="Origin"><Attributes><Attribute z:Id="i40"><AttributeType>xyz</AttributeType><IsRequired>true</IsRequired><Value i:type="a:ArrayOfdouble" xmlns:a="http://schemas.microsoft.com/2003/10/Serialization/Arrays"><a:double>0</a:double><a:double>0</a:double><a:double>0</a:double></Value></Attribute><Attribute z:Id="i41"><AttributeType>rpy</AttributeType><IsRequired>true</IsRequired><Value i:type="a:ArrayOfdouble" xmlns:a="http://schemas.microsoft.com/2003/10/Serialization/Arrays"><a:double>0</a:double><a:double>0</a:double><a:double>0</a:double></Value></Attribute></Attributes><ChildElements/><ElementName>origin</ElementName><required>false</required><RPYAttribute z:Ref="i41"/><XYZAttribute z:Ref="i40"/><isCustomized>false</isCustomized></URDFElement><URDFElement z:Id="i42" i:type="ParentLink"><Attributes><Attribute z:Id="i43"><AttributeType>link</AttributeType><IsRequired>true</IsRequired><Value i:type="a:string" xmlns:a="http://www.w3.org/2001/XMLSchema"/></Attribute></Attributes><ChildElements/><ElementName>parent</ElementName><required>true</required><NameAttribute z:Ref="i43"/></URDFElement><URDFElement z:Id="i44" i:type="ChildLink"><Attributes><Attribute z:Id="i45"><AttributeType>link</AttributeType><IsRequired>true</IsRequired><Value i:type="a:string" xmlns:a="http://www.w3.org/2001/XMLSchema"/></Attribute></Attributes><ChildElements/><ElementName>child</ElementName><required>true</required><NameAttribute z:Ref="i45"/></URDFElement><URDFElement z:Id="i46" i:type="Axis"><Attributes><Attribute z:Id="i47"><AttributeType>xyz</AttributeType><IsRequired>true</IsRequired><Value i:type="a:ArrayOfdouble" xmlns:a="http://schemas.microsoft.com/2003/10/Serialization/Arrays"><a:double>0</a:double><a:double>0</a:double><a:double>0</a:double></Value></Attribute></Attributes><ChildElements/><ElementName>axis</ElementName><required>false</required><XYZAttribute z:Ref="i47"/></URDFElement><URDFElement z:Id="i48" i:type="Limit"><Attributes><Attribute z:Id="i49"><AttributeType>lower</AttributeType><IsRequired>false</IsRequired><Value i:nil="true"/></Attribute><Attribute z:Id="i50"><AttributeType>upper</AttributeType><IsRequired>false</IsRequired><Value i:nil="true"/></Attribute><Attribute z:Id="i51"><AttributeType>effort</AttributeType><IsRequired>true</IsRequired><Value i:nil="true"/></Attribute><Attribute z:Id="i52"><AttributeType>velocity</AttributeType><IsRequired>true</IsRequired><Value i:nil="true"/></Attribute></Attributes><ChildElements/><ElementName>limit</ElementName><required>false</required><EffortAttribute z:Ref="i51"/><LowerAttribute z:Ref="i49"/><UpperAttribute z:Ref="i50"/><VelocityAttribute z:Ref="i52"/></URDFElement><URDFElement z:Id="i53" i:type="Calibration"><Attributes><Attribute z:Id="i54"><AttributeType>rising</AttributeType><IsRequired>false</IsRequired><Value i:nil="true"/></Attribute><Attribute z:Id="i55"><AttributeType>falling</AttributeType><IsRequired>false</IsRequired><Value i:nil="true"/></Attribute></Attributes><ChildElements/><ElementName>calibration</ElementName><required>false</required><FallingAttribute z:Ref="i55"/><RisingAttribute z:Ref="i54"/></URDFElement><URDFElement z:Id="i56" i:type="Dynamics"><Attributes><Attribute z:Id="i57"><AttributeType>damping</AttributeType><IsRequired>false</IsRequired><Value i:nil="true"/></Attribute><Attribute z:Id="i58"><AttributeType>friction</AttributeType><IsRequired>false</IsRequired><Value i:nil="true"/></Attribute></Attributes><ChildElements/><ElementName>dynamics</ElementName><required>false</required><DampingAttribute z:Ref="i57"/><FrictionAttribute z:Ref="i58"/></URDFElement><URDFElement z:Id="i59" i:type="SafetyController"><Attributes><Attribute z:Id="i60"><AttributeType>soft_upper_limit</AttributeType><IsRequired>false</IsRequired><Value i:nil="true"/></Attribute><Attribute z:Id="i61"><AttributeType>soft_lower_limit</AttributeType><IsRequired>false</IsRequired><Value i:nil="true"/></Attribute><Attribute z:Id="i62"><AttributeType>k_position</AttributeType><IsRequired>false</IsRequired><Value i:nil="true"/></Attribute><Attribute z:Id="i63"><AttributeType>k_velocity</AttributeType><IsRequired>true</IsRequired><Value i:nil="true"/></Attribute></Attributes><ChildElements/><ElementName>safety_controller</ElementName><required>false</required><KPositionAttribute z:Ref="i62"/><KVelocityAttribute z:Ref="i63"/><SoftLowerAttribute z:Ref="i61"/><SoftUpperAttribute z:Ref="i60"/></URDFElement><URDFElement z:Id="i64" i:type="Mimic"><Attributes><Attribute z:Id="i65"><AttributeType>joint</AttributeType><IsRequired>true</IsRequired><Value i:nil="true"/></Attribute><Attribute z:Id="i66"><AttributeType>multiplier</AttributeType><IsRequired>false</IsRequired><Value i:nil="true"/></Attribute><Attribute z:Id="i67"><AttributeType>offset</AttributeType><IsRequired>false</IsRequired><Value i:nil="true"/></Attribute></Attributes><ChildElements/><ElementName>mimic</ElementName><required>false</required><JointNameAttribute z:Ref="i65"/><MultiplierAttribute z:Ref="i66"/><OffsetAttribute z:Ref="i67"/></URDFElement></ChildElements><ElementName>joint</ElementName><required>false</required><Axis z:Ref="i46"/><AxisName/><Calibration z:Ref="i53"/><Child z:Ref="i44"/><CoordinateSystemName>Automatically Generate</CoordinateSystemName><Dynamics z:Ref="i56"/><Limit z:Ref="i48"/><Mimic z:Ref="i64"/><NameAttribute z:Ref="i37"/><Origin z:Ref="i39"/><Parent z:Ref="i42"/><Safety z:Ref="i59"/><TypeAttribute z:Ref="i38"/></URDFElement></ChildElements><ElementName>link</ElementName><required>true</required><Children/><Collision z:Ref="i29"/><Inertial z:Ref="i3"/><Joint z:Ref="i36"/><NameAttribute z:Ref="i2"/><Parent i:nil="true"/><STLQualityFine>false</STLQualityFine><SWComponentPIDs xmlns:a="http://schemas.microsoft.com/2003/10/Serialization/Arrays"><a:base64Binary>KCMAAAUAAAD//v8hMwAuADIANQAyADAAMgAxAC4AMABDAC4AMAAyAC4ANgAzADpnaFa6Tt6PpWN/Z0IALQAxAEAAOVk4VMR+CFQ5WXdRBAAAABAAAAABAAAAAQAAABcAAAA=</a:base64Binary></SWComponentPIDs><SWMainComponentPID i:nil="true"/><Visual z:Ref="i16"/><isFixedFrame>false</isFixedFrame><isIncomplete>false</isIncomplete></Link>
2026-04-22 09:16:27,040 INFO  LinkNode.cs: 35 - Building node base_link
2026-04-22 09:16:27,040 INFO  CommonSwOperations.cs: 221 - Loading SolidWorks components for base_link from 
2026-04-22 09:16:27,041 INFO  CommonSwOperations.cs: 245 - Loading component with PID (#     ???!3 . 2 5 2 0 2 1 . 0 C . 0 2 . 6 3 :ghV?N???cgB - 1 @ 9Y8T?~T9YwQ               
2026-04-22 09:16:27,041 INFO  CommonSwOperations.cs: 254 - Successfully loaded component D:\desktop\新建文件夹\3.252021.0C.02.63机器人连接板B.sldprt
2026-04-22 09:16:27,042 INFO  CommonSwOperations.cs: 230 - Loaded 1 components for link base_link
2026-04-22 09:16:27,049 INFO  SwAddin.cs: 344 - Showing property manager
2026-04-22 09:16:40,080 INFO  ExportPropertyManager.cs: 422 - Configuration saved
2026-04-22 09:16:40,080 INFO  ConfigurationSerialization.cs: 276 - URDF Configuration found
<Link z:Id="i1" xmlns="http://schemas.datacontract.org/2004/07/SW2URDF" xmlns:i="http://www.w3.org/2001/XMLSchema-instance" xmlns:z="http://schemas.microsoft.com/2003/10/Serialization/"><Attributes><Attribute z:Id="i2"><AttributeType>name</AttributeType><IsRequired>true</IsRequired><Value i:type="a:string" xmlns:a="http://www.w3.org/2001/XMLSchema">base_link</Value></Attribute></Attributes><ChildElements><URDFElement z:Id="i3" i:type="Inertial"><Attributes/><ChildElements><URDFElement z:Id="i4" i:type="Origin"><Attributes><Attribute z:Id="i5"><AttributeType>xyz</AttributeType><IsRequired>true</IsRequired><Value i:type="a:ArrayOfdouble" xmlns:a="http://schemas.microsoft.com/2003/10/Serialization/Arrays"><a:double>0</a:double><a:double>0</a:double><a:double>0</a:double></Value></Attribute><Attribute z:Id="i6"><AttributeType>rpy</AttributeType><IsRequired>true</IsRequired><Value i:type="a:ArrayOfdouble" xmlns:a="http://schemas.microsoft.com/2003/10/Serialization/Arrays"><a:double>0</a:double><a:double>0</a:double><a:double>0</a:double></Value></Attribute></Attributes><ChildElements/><ElementName>origin</ElementName><required>false</required><RPYAttribute z:Ref="i6"/><XYZAttribute z:Ref="i5"/><isCustomized>false</isCustomized></URDFElement><URDFElement z:Id="i7" i:type="Mass"><Attributes><Attribute z:Id="i8"><AttributeType>value</AttributeType><IsRequired>true</IsRequired><Value i:type="a:double" xmlns:a="http://www.w3.org/2001/XMLSchema">0</Value></Attribute></Attributes><ChildElements/><ElementName>mass</ElementName><required>false</required><ValueAttribute z:Ref="i8"/></URDFElement><URDFElement z:Id="i9" i:type="Inertia"><Attributes><Attribute z:Id="i10"><AttributeType>ixx</AttributeType><IsRequired>true</IsRequired><Value i:type="a:double" xmlns:a="http://www.w3.org/2001/XMLSchema">0</Value></Attribute><Attribute z:Id="i11"><AttributeType>ixy</AttributeType><IsRequired>true</IsRequired><Value i:type="a:double" xmlns:a="http://www.w3.org/2001/XMLSchema">0</Value></Attribute><Attribute z:Id="i12"><AttributeType>ixz</AttributeType><IsRequired>true</IsRequired><Value i:type="a:double" xmlns:a="http://www.w3.org/2001/XMLSchema">0</Value></Attribute><Attribute z:Id="i13"><AttributeType>iyy</AttributeType><IsRequired>true</IsRequired><Value i:type="a:double" xmlns:a="http://www.w3.org/2001/XMLSchema">0</Value></Attribute><Attribute z:Id="i14"><AttributeType>iyz</AttributeType><IsRequired>true</IsRequired><Value i:type="a:double" xmlns:a="http://www.w3.org/2001/XMLSchema">0</Value></Attribute><Attribute z:Id="i15"><AttributeType>izz</AttributeType><IsRequired>true</IsRequired><Value i:type="a:double" xmlns:a="http://www.w3.org/2001/XMLSchema">0</Value></Attribute></Attributes><ChildElements/><ElementName>inertia</ElementName><required>false</required><IxxAttribute z:Ref="i10"/><IxyAttribute z:Ref="i11"/><IxzAttribute z:Ref="i12"/><IyyAttribute z:Ref="i13"/><IyzAttribute z:Ref="i14"/><IzzAttribute z:Ref="i15"/></URDFElement></ChildElements><ElementName>inertial</ElementName><required>false</required><Inertia z:Ref="i9"/><Mass z:Ref="i7"/><Origin z:Ref="i4"/></URDFElement><URDFElement z:Id="i16" i:type="Visual"><Attributes/><ChildElements><URDFElement z:Id="i17" i:type="Origin"><Attributes><Attribute z:Id="i18"><AttributeType>xyz</AttributeType><IsRequired>true</IsRequired><Value i:type="a:ArrayOfdouble" xmlns:a="http://schemas.microsoft.com/2003/10/Serialization/Arrays"><a:double>0</a:double><a:double>0</a:double><a:double>0</a:double></Value></Attribute><Attribute z:Id="i19"><AttributeType>rpy</AttributeType><IsRequired>true</IsRequired><Value i:type="a:ArrayOfdouble" xmlns:a="http://schemas.microsoft.com/2003/10/Serialization/Arrays"><a:double>0</a:double><a:double>0</a:double><a:double>0</a:double></Value></Attribute></Attributes><ChildElements/><ElementName>origin</ElementName><required>false</required><RPYAttribute z:Ref="i19"/><XYZAttribute z:Ref="i18"/><isCustomized>false</isCustomized></URDFElement><URDFElement z:Id="i20" i:type="Geometry"><Attributes/><ChildElements><URDFElement z:Id="i21" i:type="Mesh"><Attributes><Attribute z:Id="i22"><AttributeType>filename</AttributeType><IsRequired>true</IsRequired><Value i:nil="true"/></Attribute></Attributes><ChildElements/><ElementName>mesh</ElementName><required>false</required><FilenameAttribute z:Ref="i22"/></URDFElement></ChildElements><ElementName>geometry</ElementName><required>true</required><Mesh z:Ref="i21"/></URDFElement><URDFElement z:Id="i23" i:type="Material"><Attributes><Attribute z:Id="i24"><AttributeType>name</AttributeType><IsRequired>true</IsRequired><Value i:type="a:string" xmlns:a="http://www.w3.org/2001/XMLSchema"/></Attribute></Attributes><ChildElements><URDFElement z:Id="i25" i:type="Color"><Attributes><Attribute z:Id="i26"><AttributeType>rgba</AttributeType><IsRequired>true</IsRequired><Value i:type="a:ArrayOfdouble" xmlns:a="http://schemas.microsoft.com/2003/10/Serialization/Arrays"><a:double>1</a:double><a:double>1</a:double><a:double>1</a:double><a:double>1</a:double></Value></Attribute></Attributes><ChildElements/><ElementName>color</ElementName><required>false</required><RGBAAttribute z:Ref="i26"/></URDFElement><URDFElement z:Id="i27" i:type="Texture"><Attributes><Attribute z:Id="i28"><AttributeType>filename</AttributeType><IsRequired>true</IsRequired><Value i:nil="true"/></Attribute></Attributes><ChildElements/><ElementName>texture</ElementName><required>false</required><FilenameAttribute z:Ref="i28"/><wFilename/></URDFElement></ChildElements><ElementName>material</ElementName><required>false</required><Color z:Ref="i25"/><NameAttribute z:Ref="i24"/><Texture z:Ref="i27"/></URDFElement></ChildElements><ElementName>visual</ElementName><required>false</required><Geometry z:Ref="i20"/><Material z:Ref="i23"/><Origin z:Ref="i17"/></URDFElement><URDFElement z:Id="i29" i:type="Collision"><Attributes/><ChildElements><URDFElement z:Id="i30" i:type="Origin"><Attributes><Attribute z:Id="i31"><AttributeType>xyz</AttributeType><IsRequired>true</IsRequired><Value i:type="a:ArrayOfdouble" xmlns:a="http://schemas.microsoft.com/2003/10/Serialization/Arrays"><a:double>0</a:double><a:double>0</a:double><a:double>0</a:double></Value></Attribute><Attribute z:Id="i32"><AttributeType>rpy</AttributeType><IsRequired>true</IsRequired><Value i:type="a:ArrayOfdouble" xmlns:a="http://schemas.microsoft.com/2003/10/Serialization/Arrays"><a:double>0</a:double><a:double>0</a:double><a:double>0</a:double></Value></Attribute></Attributes><ChildElements/><ElementName>origin</ElementName><required>false</required><RPYAttribute z:Ref="i32"/><XYZAttribute z:Ref="i31"/><isCustomized>false</isCustomized></URDFElement><URDFElement z:Id="i33" i:type="Geometry"><Attributes/><ChildElements><URDFElement z:Id="i34" i:type="Mesh"><Attributes><Attribute z:Id="i35"><AttributeType>filename</AttributeType><IsRequired>true</IsRequired><Value i:nil="true"/></Attribute></Attributes><ChildElements/><ElementName>mesh</ElementName><required>false</required><FilenameAttribute z:Ref="i35"/></URDFElement></ChildElements><ElementName>geometry</ElementName><required>true</required><Mesh z:Ref="i34"/></URDFElement></ChildElements><ElementName>collision</ElementName><required>false</required><Geometry z:Ref="i33"/><Origin z:Ref="i30"/></URDFElement><URDFElement z:Id="i36" i:type="Joint"><Attributes><Attribute z:Id="i37"><AttributeType>name</AttributeType><IsRequired>true</IsRequired><Value i:type="a:string" xmlns:a="http://www.w3.org/2001/XMLSchema"/></Attribute><Attribute z:Id="i38"><AttributeType>type</AttributeType><IsRequired>true</IsRequired><Value i:type="a:string" xmlns:a="http://www.w3.org/2001/XMLSchema"/></Attribute></Attributes><ChildElements><URDFElement z:Id="i39" i:type="Origin"><Attributes><Attribute z:Id="i40"><AttributeType>xyz</AttributeType><IsRequired>true</IsRequired><Value i:type="a:ArrayOfdouble" xmlns:a="http://schemas.microsoft.com/2003/10/Serialization/Arrays"><a:double>0</a:double><a:double>0</a:double><a:double>0</a:double></Value></Attribute><Attribute z:Id="i41"><AttributeType>rpy</AttributeType><IsRequired>true</IsRequired><Value i:type="a:ArrayOfdouble" xmlns:a="http://schemas.microsoft.com/2003/10/Serialization/Arrays"><a:double>0</a:double><a:double>0</a:double><a:double>0</a:double></Value></Attribute></Attributes><ChildElements/><ElementName>origin</ElementName><required>false</required><RPYAttribute z:Ref="i41"/><XYZAttribute z:Ref="i40"/><isCustomized>false</isCustomized></URDFElement><URDFElement z:Id="i42" i:type="ParentLink"><Attributes><Attribute z:Id="i43"><AttributeType>link</AttributeType><IsRequired>true</IsRequired><Value i:type="a:string" xmlns:a="http://www.w3.org/2001/XMLSchema"/></Attribute></Attributes><ChildElements/><ElementName>parent</ElementName><required>true</required><NameAttribute z:Ref="i43"/></URDFElement><URDFElement z:Id="i44" i:type="ChildLink"><Attributes><Attribute z:Id="i45"><AttributeType>link</AttributeType><IsRequired>true</IsRequired><Value i:type="a:string" xmlns:a="http://www.w3.org/2001/XMLSchema"/></Attribute></Attributes><ChildElements/><ElementName>child</ElementName><required>true</required><NameAttribute z:Ref="i45"/></URDFElement><URDFElement z:Id="i46" i:type="Axis"><Attributes><Attribute z:Id="i47"><AttributeType>xyz</AttributeType><IsRequired>true</IsRequired><Value i:type="a:ArrayOfdouble" xmlns:a="http://schemas.microsoft.com/2003/10/Serialization/Arrays"><a:double>0</a:double><a:double>0</a:double><a:double>0</a:double></Value></Attribute></Attributes><ChildElements/><ElementName>axis</ElementName><required>false</required><XYZAttribute z:Ref="i47"/></URDFElement><URDFElement z:Id="i48" i:type="Limit"><Attributes><Attribute z:Id="i49"><AttributeType>lower</AttributeType><IsRequired>false</IsRequired><Value i:nil="true"/></Attribute><Attribute z:Id="i50"><AttributeType>upper</AttributeType><IsRequired>false</IsRequired><Value i:nil="true"/></Attribute><Attribute z:Id="i51"><AttributeType>effort</AttributeType><IsRequired>true</IsRequired><Value i:nil="true"/></Attribute><Attribute z:Id="i52"><AttributeType>velocity</AttributeType><IsRequired>true</IsRequired><Value i:nil="true"/></Attribute></Attributes><ChildElements/><ElementName>limit</ElementName><required>false</required><EffortAttribute z:Ref="i51"/><LowerAttribute z:Ref="i49"/><UpperAttribute z:Ref="i50"/><VelocityAttribute z:Ref="i52"/></URDFElement><URDFElement z:Id="i53" i:type="Calibration"><Attributes><Attribute z:Id="i54"><AttributeType>rising</AttributeType><IsRequired>false</IsRequired><Value i:nil="true"/></Attribute><Attribute z:Id="i55"><AttributeType>falling</AttributeType><IsRequired>false</IsRequired><Value i:nil="true"/></Attribute></Attributes><ChildElements/><ElementName>calibration</ElementName><required>false</required><FallingAttribute z:Ref="i55"/><RisingAttribute z:Ref="i54"/></URDFElement><URDFElement z:Id="i56" i:type="Dynamics"><Attributes><Attribute z:Id="i57"><AttributeType>damping</AttributeType><IsRequired>false</IsRequired><Value i:nil="true"/></Attribute><Attribute z:Id="i58"><AttributeType>friction</AttributeType><IsRequired>false</IsRequired><Value i:nil="true"/></Attribute></Attributes><ChildElements/><ElementName>dynamics</ElementName><required>false</required><DampingAttribute z:Ref="i57"/><FrictionAttribute z:Ref="i58"/></URDFElement><URDFElement z:Id="i59" i:type="SafetyController"><Attributes><Attribute z:Id="i60"><AttributeType>soft_upper_limit</AttributeType><IsRequired>false</IsRequired><Value i:nil="true"/></Attribute><Attribute z:Id="i61"><AttributeType>soft_lower_limit</AttributeType><IsRequired>false</IsRequired><Value i:nil="true"/></Attribute><Attribute z:Id="i62"><AttributeType>k_position</AttributeType><IsRequired>false</IsRequired><Value i:nil="true"/></Attribute><Attribute z:Id="i63"><AttributeType>k_velocity</AttributeType><IsRequired>true</IsRequired><Value i:nil="true"/></Attribute></Attributes><ChildElements/><ElementName>safety_controller</ElementName><required>false</required><KPositionAttribute z:Ref="i62"/><KVelocityAttribute z:Ref="i63"/><SoftLowerAttribute z:Ref="i61"/><SoftUpperAttribute z:Ref="i60"/></URDFElement><URDFElement z:Id="i64" i:type="Mimic"><Attributes><Attribute z:Id="i65"><AttributeType>joint</AttributeType><IsRequired>true</IsRequired><Value i:nil="true"/></Attribute><Attribute z:Id="i66"><AttributeType>multiplier</AttributeType><IsRequired>false</IsRequired><Value i:nil="true"/></Attribute><Attribute z:Id="i67"><AttributeType>offset</AttributeType><IsRequired>false</IsRequired><Value i:nil="true"/></Attribute></Attributes><ChildElements/><ElementName>mimic</ElementName><required>false</required><JointNameAttribute z:Ref="i65"/><MultiplierAttribute z:Ref="i66"/><OffsetAttribute z:Ref="i67"/></URDFElement></ChildElements><ElementName>joint</ElementName><required>false</required><Axis z:Ref="i46"/><AxisName/><Calibration z:Ref="i53"/><Child z:Ref="i44"/><CoordinateSystemName>Automatically Generate</CoordinateSystemName><Dynamics z:Ref="i56"/><Limit z:Ref="i48"/><Mimic z:Ref="i64"/><NameAttribute z:Ref="i37"/><Origin z:Ref="i39"/><Parent z:Ref="i42"/><Safety z:Ref="i59"/><TypeAttribute z:Ref="i38"/></URDFElement></ChildElements><ElementName>link</ElementName><required>true</required><Children/><Collision z:Ref="i29"/><Inertial z:Ref="i3"/><Joint z:Ref="i36"/><NameAttribute z:Ref="i2"/><Parent i:nil="true"/><STLQualityFine>false</STLQualityFine><SWComponentPIDs xmlns:a="http://schemas.microsoft.com/2003/10/Serialization/Arrays"><a:base64Binary>KCMAAAUAAAD//v8hMwAuADIANQAyADAAMgAxAC4AMABDAC4AMAAyAC4ANgAzADpnaFa6Tt6PpWN/Z0IALQAxAEAAOVk4VMR+CFQ5WXdRBAAAABAAAAABAAAAAQAAABcAAAA=</a:base64Binary></SWComponentPIDs><SWMainComponentPID i:nil="true"/><Visual z:Ref="i16"/><isFixedFrame>false</isFixedFrame><isIncomplete>false</isIncomplete></Link>
2026-04-22 09:16:40,200 INFO  ExportHelperExtension.cs: 1125 - Retrieving features of type [CoordSys] from 夹吸组合夹具
2026-04-22 09:16:40,201 INFO  ExportHelperExtension.cs: 1136 - Found 48 in 夹吸组合夹具
2026-04-22 09:16:40,201 INFO  ExportHelperExtension.cs: 1145 - Found 2 features of type [CoordSys] in 夹吸组合夹具
2026-04-22 09:16:40,202 INFO  ExportHelperExtension.cs: 1148 - Proceeding through assembly components
2026-04-22 09:16:40,202 INFO  ExportHelperExtension.cs: 1160 - 26 components to check
2026-04-22 09:16:40,202 INFO  ExportHelperExtension.cs: 1125 - Retrieving features of type [CoordSys] from 3.252021.0C.02.75连接杆B_默认_按加工_-1
2026-04-22 09:16:40,203 INFO  ExportHelperExtension.cs: 1136 - Found 19 in 3.252021.0C.02.75连接杆B_默认_按加工_-1
2026-04-22 09:16:40,203 INFO  ExportHelperExtension.cs: 1145 - Found 0 features of type [CoordSys] in 3.252021.0C.02.75连接杆B_默认_按加工_-1
2026-04-22 09:16:40,204 INFO  ExportHelperExtension.cs: 1125 - Retrieving features of type [CoordSys] from 3.252021.0A.02.29固定板-1
2026-04-22 09:16:40,204 INFO  ExportHelperExtension.cs: 1136 - Found 19 in 3.252021.0A.02.29固定板-1
2026-04-22 09:16:40,204 INFO  ExportHelperExtension.cs: 1145 - Found 0 features of type [CoordSys] in 3.252021.0A.02.29固定板-1
2026-04-22 09:16:40,205 INFO  ExportHelperExtension.cs: 1125 - Retrieving features of type [CoordSys] from 3.252021.0C.02.63机器人连接板B-1
2026-04-22 09:16:40,205 INFO  ExportHelperExtension.cs: 1136 - Found 19 in 3.252021.0C.02.63机器人连接板B-1
2026-04-22 09:16:40,205 INFO  ExportHelperExtension.cs: 1145 - Found 0 features of type [CoordSys] in 3.252021.0C.02.63机器人连接板B-1
2026-04-22 09:16:40,206 INFO  ExportHelperExtension.cs: 1125 - Retrieving features of type [CoordSys] from 3.252021.0C.02.64治具连接板-1
2026-04-22 09:16:40,206 INFO  ExportHelperExtension.cs: 1136 - Found 19 in 3.252021.0C.02.64治具连接板-1
2026-04-22 09:16:40,207 INFO  ExportHelperExtension.cs: 1145 - Found 0 features of type [CoordSys] in 3.252021.0C.02.64治具连接板-1
2026-04-22 09:16:40,207 INFO  ExportHelperExtension.cs: 1125 - Retrieving features of type [CoordSys] from 2.03.57.03.062001轴承钢定位销（φ6x20负公差0-0.01）-1
2026-04-22 09:16:40,207 INFO  ExportHelperExtension.cs: 1136 - Found 19 in 2.03.57.03.062001轴承钢定位销（φ6x20负公差0-0.01）-1
2026-04-22 09:16:40,208 INFO  ExportHelperExtension.cs: 1145 - Found 0 features of type [CoordSys] in 2.03.57.03.062001轴承钢定位销（φ6x20负公差0-0.01）-1
2026-04-22 09:16:40,208 INFO  ExportHelperExtension.cs: 1125 - Retrieving features of type [CoordSys] from 2.02.03.07.020341挤压角座（怡合达ABC01-206-20-34）-1
2026-04-22 09:16:40,208 INFO  ExportHelperExtension.cs: 1136 - Found 19 in 2.02.03.07.020341挤压角座（怡合达ABC01-206-20-34）-1
2026-04-22 09:16:40,208 INFO  ExportHelperExtension.cs: 1145 - Found 0 features of type [CoordSys] in 2.02.03.07.020341挤压角座（怡合达ABC01-206-20-34）-1
2026-04-22 09:16:40,209 INFO  ExportHelperExtension.cs: 1125 - Retrieving features of type [CoordSys] from 软袋吸盘（STP35-G2F内螺丝蓝色)-2
2026-04-22 09:16:40,209 INFO  ExportHelperExtension.cs: 1136 - Found 81 in 软袋吸盘（STP35-G2F内螺丝蓝色)-2
2026-04-22 09:16:40,210 INFO  ExportHelperExtension.cs: 1145 - Found 0 features of type [CoordSys] in 软袋吸盘（STP35-G2F内螺丝蓝色)-2
2026-04-22 09:16:40,210 INFO  ExportHelperExtension.cs: 1125 - Retrieving features of type [CoordSys] from 3.252021.0C.02.80金具-1
2026-04-22 09:16:40,210 INFO  ExportHelperExtension.cs: 1136 - Found 19 in 3.252021.0C.02.80金具-1
2026-04-22 09:16:40,211 INFO  ExportHelperExtension.cs: 1145 - Found 0 features of type [CoordSys] in 3.252021.0C.02.80金具-1
2026-04-22 09:16:40,211 INFO  ExportHelperExtension.cs: 1125 - Retrieving features of type [CoordSys] from 3.252021.0C.02.78连接板B-1
2026-04-22 09:16:40,212 INFO  ExportHelperExtension.cs: 1136 - Found 19 in 3.252021.0C.02.78连接板B-1
2026-04-22 09:16:40,212 INFO  ExportHelperExtension.cs: 1145 - Found 0 features of type [CoordSys] in 3.252021.0C.02.78连接板B-1
2026-04-22 09:16:40,212 INFO  ExportHelperExtension.cs: 1125 - Retrieving features of type [CoordSys] from 252021 PL801-2
2026-04-22 09:16:40,213 INFO  ExportHelperExtension.cs: 1136 - Found 19 in 252021 PL801-2
2026-04-22 09:16:40,213 INFO  ExportHelperExtension.cs: 1145 - Found 0 features of type [CoordSys] in 252021 PL801-2
2026-04-22 09:16:40,213 INFO  ExportHelperExtension.cs: 1125 - Retrieving features of type [CoordSys] from 3.252021.0C.02.81金具B-1
2026-04-22 09:16:40,214 INFO  ExportHelperExtension.cs: 1136 - Found 19 in 3.252021.0C.02.81金具B-1
2026-04-22 09:16:40,214 INFO  ExportHelperExtension.cs: 1145 - Found 0 features of type [CoordSys] in 3.252021.0C.02.81金具B-1
2026-04-22 09:16:40,214 INFO  ExportHelperExtension.cs: 1125 - Retrieving features of type [CoordSys] from 3.252021.0C.02.65真空发生器固定板-1
2026-04-22 09:16:40,215 INFO  ExportHelperExtension.cs: 1136 - Found 19 in 3.252021.0C.02.65真空发生器固定板-1
2026-04-22 09:16:40,215 INFO  ExportHelperExtension.cs: 1145 - Found 0 features of type [CoordSys] in 3.252021.0C.02.65真空发生器固定板-1
2026-04-22 09:16:40,215 INFO  ExportHelperExtension.cs: 1125 - Retrieving features of type [CoordSys] from 风琴软袋吸盘（ZP3P-T20JT5SF-AG01吸盘附件带接头）-1
2026-04-22 09:16:40,216 INFO  ExportHelperExtension.cs: 1136 - Found 20 in 风琴软袋吸盘（ZP3P-T20JT5SF-AG01吸盘附件带接头）-1
2026-04-22 09:16:40,216 INFO  ExportHelperExtension.cs: 1145 - Found 0 features of type [CoordSys] in 风琴软袋吸盘（ZP3P-T20JT5SF-AG01吸盘附件带接头）-1
2026-04-22 09:16:40,243 INFO  ExportHelperExtension.cs: 1125 - Retrieving features of type [CoordSys] from 2.03.05.01.012101薄型螺母M12x1.0-2
2026-04-22 09:16:40,243 INFO  ExportHelperExtension.cs: 1136 - Found 19 in 2.03.05.01.012101薄型螺母M12x1.0-2
2026-04-22 09:16:40,244 INFO  ExportHelperExtension.cs: 1145 - Found 0 features of type [CoordSys] in 2.03.05.01.012101薄型螺母M12x1.0-2
2026-04-22 09:16:40,244 INFO  ExportHelperExtension.cs: 1125 - Retrieving features of type [CoordSys] from 2.03.05.01.012101薄型螺母M12x1.0-3
2026-04-22 09:16:40,244 INFO  ExportHelperExtension.cs: 1136 - Found 19 in 2.03.05.01.012101薄型螺母M12x1.0-3
2026-04-22 09:16:40,245 INFO  ExportHelperExtension.cs: 1145 - Found 0 features of type [CoordSys] in 2.03.05.01.012101薄型螺母M12x1.0-3
2026-04-22 09:16:40,245 INFO  ExportHelperExtension.cs: 1125 - Retrieving features of type [CoordSys] from 2.03.05.01.012101薄型螺母M12x1.0-1
2026-04-22 09:16:40,245 INFO  ExportHelperExtension.cs: 1136 - Found 19 in 2.03.05.01.012101薄型螺母M12x1.0-1
2026-04-22 09:16:40,246 INFO  ExportHelperExtension.cs: 1145 - Found 0 features of type [CoordSys] in 2.03.05.01.012101薄型螺母M12x1.0-1
2026-04-22 09:16:40,246 INFO  ExportHelperExtension.cs: 1125 - Retrieving features of type [CoordSys] from 3.252021.0C.02.79吸盘固定杆-1
2026-04-22 09:16:40,247 INFO  ExportHelperExtension.cs: 1136 - Found 21 in 3.252021.0C.02.79吸盘固定杆-1
2026-04-22 09:16:40,247 INFO  ExportHelperExtension.cs: 1145 - Found 0 features of type [CoordSys] in 3.252021.0C.02.79吸盘固定杆-1
2026-04-22 09:16:40,248 INFO  ExportHelperExtension.cs: 1125 - Retrieving features of type [CoordSys] from 3.252021.0C.02.78连接板B-2
2026-04-22 09:16:40,248 INFO  ExportHelperExtension.cs: 1136 - Found 19 in 3.252021.0C.02.78连接板B-2
2026-04-22 09:16:40,248 INFO  ExportHelperExtension.cs: 1145 - Found 0 features of type [CoordSys] in 3.252021.0C.02.78连接板B-2
2026-04-22 09:16:40,249 INFO  ExportHelperExtension.cs: 1125 - Retrieving features of type [CoordSys] from 252021 PL801-1
2026-04-22 09:16:40,249 INFO  ExportHelperExtension.cs: 1136 - Found 19 in 252021 PL801-1
2026-04-22 09:16:40,249 INFO  ExportHelperExtension.cs: 1145 - Found 0 features of type [CoordSys] in 252021 PL801-1
2026-04-22 09:16:40,250 INFO  ExportHelperExtension.cs: 1125 - Retrieving features of type [CoordSys] from 3.252021.0C.02.65真空发生器固定板-2
2026-04-22 09:16:40,250 INFO  ExportHelperExtension.cs: 1136 - Found 19 in 3.252021.0C.02.65真空发生器固定板-2
2026-04-22 09:16:40,251 INFO  ExportHelperExtension.cs: 1145 - Found 0 features of type [CoordSys] in 3.252021.0C.02.65真空发生器固定板-2
2026-04-22 09:16:40,251 INFO  ExportHelperExtension.cs: 1125 - Retrieving features of type [CoordSys] from 软袋吸盘（STP35-G2F内螺丝蓝色)-1
2026-04-22 09:16:40,252 INFO  ExportHelperExtension.cs: 1136 - Found 81 in 软袋吸盘（STP35-G2F内螺丝蓝色)-1
2026-04-22 09:16:40,252 INFO  ExportHelperExtension.cs: 1145 - Found 0 features of type [CoordSys] in 软袋吸盘（STP35-G2F内螺丝蓝色)-1
2026-04-22 09:16:40,253 INFO  ExportHelperExtension.cs: 1125 - Retrieving features of type [CoordSys] from 2.02.08.01.030001多级真空发生器（BM30-B内置消音器）供应商八达路信茂，根据实物测绘-1
2026-04-22 09:16:40,253 INFO  ExportHelperExtension.cs: 1136 - Found 21 in 2.02.08.01.030001多级真空发生器（BM30-B内置消音器）供应商八达路信茂，根据实物测绘-1
2026-04-22 09:16:40,253 INFO  ExportHelperExtension.cs: 1145 - Found 0 features of type [CoordSys] in 2.02.08.01.030001多级真空发生器（BM30-B内置消音器）供应商八达路信茂，根据实物测绘-1
2026-04-22 09:16:40,254 INFO  ExportHelperExtension.cs: 1125 - Retrieving features of type [CoordSys] from 3.252021.0C.02.80金具-2
2026-04-22 09:16:40,254 INFO  ExportHelperExtension.cs: 1136 - Found 19 in 3.252021.0C.02.80金具-2
2026-04-22 09:16:40,254 INFO  ExportHelperExtension.cs: 1145 - Found 0 features of type [CoordSys] in 3.252021.0C.02.80金具-2
2026-04-22 09:16:40,255 INFO  ExportHelperExtension.cs: 1125 - Retrieving features of type [CoordSys] from 真空压力表（SMC-ZSE20-N-01-LA1）-1
2026-04-22 09:16:40,255 INFO  ExportHelperExtension.cs: 1136 - Found 21 in 真空压力表（SMC-ZSE20-N-01-LA1）-1
2026-04-22 09:16:40,256 INFO  ExportHelperExtension.cs: 1145 - Found 0 features of type [CoordSys] in 真空压力表（SMC-ZSE20-N-01-LA1）-1
2026-04-22 09:16:40,256 INFO  ExportHelperExtension.cs: 1125 - Retrieving features of type [CoordSys] from 2.02.08.01.030001多级真空发生器（BM30-B内置消音器）供应商八达路信茂，根据实物测绘-2
2026-04-22 09:16:40,256 INFO  ExportHelperExtension.cs: 1136 - Found 21 in 2.02.08.01.030001多级真空发生器（BM30-B内置消音器）供应商八达路信茂，根据实物测绘-2
2026-04-22 09:16:40,257 INFO  ExportHelperExtension.cs: 1145 - Found 0 features of type [CoordSys] in 2.02.08.01.030001多级真空发生器（BM30-B内置消音器）供应商八达路信茂，根据实物测绘-2
2026-04-22 09:16:40,257 INFO  ExportHelperExtension.cs: 1125 - Retrieving features of type [CoordSys] from 真空压力表（SMC-ZSE20-N-01-LA1）-2
2026-04-22 09:16:40,257 INFO  ExportHelperExtension.cs: 1136 - Found 21 in 真空压力表（SMC-ZSE20-N-01-LA1）-2
2026-04-22 09:16:40,257 INFO  ExportHelperExtension.cs: 1145 - Found 0 features of type [CoordSys] in 真空压力表（SMC-ZSE20-N-01-LA1）-2
2026-04-22 09:16:40,258 INFO  ExportHelperExtension.cs: 1125 - Retrieving features of type [RefAxis] from 夹吸组合夹具
2026-04-22 09:16:40,258 INFO  ExportHelperExtension.cs: 1136 - Found 48 in 夹吸组合夹具
2026-04-22 09:16:40,259 INFO  ExportHelperExtension.cs: 1145 - Found 0 features of type [RefAxis] in 夹吸组合夹具
2026-04-22 09:16:40,259 INFO  ExportHelperExtension.cs: 1148 - Proceeding through assembly components
2026-04-22 09:16:40,259 INFO  ExportHelperExtension.cs: 1160 - 26 components to check
2026-04-22 09:16:40,260 INFO  ExportHelperExtension.cs: 1125 - Retrieving features of type [RefAxis] from 3.252021.0C.02.75连接杆B_默认_按加工_-1
2026-04-22 09:16:40,260 INFO  ExportHelperExtension.cs: 1136 - Found 19 in 3.252021.0C.02.75连接杆B_默认_按加工_-1
2026-04-22 09:16:40,260 INFO  ExportHelperExtension.cs: 1145 - Found 0 features of type [RefAxis] in 3.252021.0C.02.75连接杆B_默认_按加工_-1
2026-04-22 09:16:40,261 INFO  ExportHelperExtension.cs: 1125 - Retrieving features of type [RefAxis] from 3.252021.0A.02.29固定板-1
2026-04-22 09:16:40,261 INFO  ExportHelperExtension.cs: 1136 - Found 19 in 3.252021.0A.02.29固定板-1
2026-04-22 09:16:40,262 INFO  ExportHelperExtension.cs: 1145 - Found 0 features of type [RefAxis] in 3.252021.0A.02.29固定板-1
2026-04-22 09:16:40,262 INFO  ExportHelperExtension.cs: 1125 - Retrieving features of type [RefAxis] from 3.252021.0C.02.63机器人连接板B-1
2026-04-22 09:16:40,262 INFO  ExportHelperExtension.cs: 1136 - Found 19 in 3.252021.0C.02.63机器人连接板B-1
2026-04-22 09:16:40,263 INFO  ExportHelperExtension.cs: 1145 - Found 0 features of type [RefAxis] in 3.252021.0C.02.63机器人连接板B-1
2026-04-22 09:16:40,263 INFO  ExportHelperExtension.cs: 1125 - Retrieving features of type [RefAxis] from 3.252021.0C.02.64治具连接板-1
2026-04-22 09:16:40,263 INFO  ExportHelperExtension.cs: 1136 - Found 19 in 3.252021.0C.02.64治具连接板-1
2026-04-22 09:16:40,264 INFO  ExportHelperExtension.cs: 1145 - Found 0 features of type [RefAxis] in 3.252021.0C.02.64治具连接板-1
2026-04-22 09:16:40,264 INFO  ExportHelperExtension.cs: 1125 - Retrieving features of type [RefAxis] from 2.03.57.03.062001轴承钢定位销（φ6x20负公差0-0.01）-1
2026-04-22 09:16:40,265 INFO  ExportHelperExtension.cs: 1136 - Found 19 in 2.03.57.03.062001轴承钢定位销（φ6x20负公差0-0.01）-1
2026-04-22 09:16:40,265 INFO  ExportHelperExtension.cs: 1145 - Found 0 features of type [RefAxis] in 2.03.57.03.062001轴承钢定位销（φ6x20负公差0-0.01）-1
2026-04-22 09:16:40,265 INFO  ExportHelperExtension.cs: 1125 - Retrieving features of type [RefAxis] from 2.02.03.07.020341挤压角座（怡合达ABC01-206-20-34）-1
2026-04-22 09:16:40,266 INFO  ExportHelperExtension.cs: 1136 - Found 19 in 2.02.03.07.020341挤压角座（怡合达ABC01-206-20-34）-1
2026-04-22 09:16:40,266 INFO  ExportHelperExtension.cs: 1145 - Found 0 features of type [RefAxis] in 2.02.03.07.020341挤压角座（怡合达ABC01-206-20-34）-1
2026-04-22 09:16:40,266 INFO  ExportHelperExtension.cs: 1125 - Retrieving features of type [RefAxis] from 软袋吸盘（STP35-G2F内螺丝蓝色)-2
2026-04-22 09:16:40,267 INFO  ExportHelperExtension.cs: 1136 - Found 81 in 软袋吸盘（STP35-G2F内螺丝蓝色)-2
2026-04-22 09:16:40,267 INFO  ExportHelperExtension.cs: 1145 - Found 0 features of type [RefAxis] in 软袋吸盘（STP35-G2F内螺丝蓝色)-2
2026-04-22 09:16:40,268 INFO  ExportHelperExtension.cs: 1125 - Retrieving features of type [RefAxis] from 3.252021.0C.02.80金具-1
2026-04-22 09:16:40,268 INFO  ExportHelperExtension.cs: 1136 - Found 19 in 3.252021.0C.02.80金具-1
2026-04-22 09:16:40,268 INFO  ExportHelperExtension.cs: 1145 - Found 0 features of type [RefAxis] in 3.252021.0C.02.80金具-1
2026-04-22 09:16:40,269 INFO  ExportHelperExtension.cs: 1125 - Retrieving features of type [RefAxis] from 3.252021.0C.02.78连接板B-1
2026-04-22 09:16:40,269 INFO  ExportHelperExtension.cs: 1136 - Found 19 in 3.252021.0C.02.78连接板B-1
2026-04-22 09:16:40,269 INFO  ExportHelperExtension.cs: 1145 - Found 0 features of type [RefAxis] in 3.252021.0C.02.78连接板B-1
2026-04-22 09:16:40,270 INFO  ExportHelperExtension.cs: 1125 - Retrieving features of type [RefAxis] from 252021 PL801-2
2026-04-22 09:16:40,270 INFO  ExportHelperExtension.cs: 1136 - Found 19 in 252021 PL801-2
2026-04-22 09:16:40,270 INFO  ExportHelperExtension.cs: 1145 - Found 0 features of type [RefAxis] in 252021 PL801-2
2026-04-22 09:16:40,271 INFO  ExportHelperExtension.cs: 1125 - Retrieving features of type [RefAxis] from 3.252021.0C.02.81金具B-1
2026-04-22 09:16:40,271 INFO  ExportHelperExtension.cs: 1136 - Found 19 in 3.252021.0C.02.81金具B-1
2026-04-22 09:16:40,272 INFO  ExportHelperExtension.cs: 1145 - Found 0 features of type [RefAxis] in 3.252021.0C.02.81金具B-1
2026-04-22 09:16:40,272 INFO  ExportHelperExtension.cs: 1125 - Retrieving features of type [RefAxis] from 3.252021.0C.02.65真空发生器固定板-1
2026-04-22 09:16:40,272 INFO  ExportHelperExtension.cs: 1136 - Found 19 in 3.252021.0C.02.65真空发生器固定板-1
2026-04-22 09:16:40,273 INFO  ExportHelperExtension.cs: 1145 - Found 0 features of type [RefAxis] in 3.252021.0C.02.65真空发生器固定板-1
2026-04-22 09:16:40,273 INFO  ExportHelperExtension.cs: 1125 - Retrieving features of type [RefAxis] from 风琴软袋吸盘（ZP3P-T20JT5SF-AG01吸盘附件带接头）-1
2026-04-22 09:16:40,273 INFO  ExportHelperExtension.cs: 1136 - Found 20 in 风琴软袋吸盘（ZP3P-T20JT5SF-AG01吸盘附件带接头）-1
2026-04-22 09:16:40,274 INFO  ExportHelperExtension.cs: 1145 - Found 0 features of type [RefAxis] in 风琴软袋吸盘（ZP3P-T20JT5SF-AG01吸盘附件带接头）-1
2026-04-22 09:16:40,274 INFO  ExportHelperExtension.cs: 1125 - Retrieving features of type [RefAxis] from 2.03.05.01.012101薄型螺母M12x1.0-2
2026-04-22 09:16:40,274 INFO  ExportHelperExtension.cs: 1136 - Found 19 in 2.03.05.01.012101薄型螺母M12x1.0-2
2026-04-22 09:16:40,275 INFO  ExportHelperExtension.cs: 1145 - Found 0 features of type [RefAxis] in 2.03.05.01.012101薄型螺母M12x1.0-2
2026-04-22 09:16:40,275 INFO  ExportHelperExtension.cs: 1125 - Retrieving features of type [RefAxis] from 2.03.05.01.012101薄型螺母M12x1.0-3
2026-04-22 09:16:40,275 INFO  ExportHelperExtension.cs: 1136 - Found 19 in 2.03.05.01.012101薄型螺母M12x1.0-3
2026-04-22 09:16:40,276 INFO  ExportHelperExtension.cs: 1145 - Found 0 features of type [RefAxis] in 2.03.05.01.012101薄型螺母M12x1.0-3
2026-04-22 09:16:40,276 INFO  ExportHelperExtension.cs: 1125 - Retrieving features of type [RefAxis] from 2.03.05.01.012101薄型螺母M12x1.0-1
2026-04-22 09:16:40,276 INFO  ExportHelperExtension.cs: 1136 - Found 19 in 2.03.05.01.012101薄型螺母M12x1.0-1
2026-04-22 09:16:40,277 INFO  ExportHelperExtension.cs: 1145 - Found 0 features of type [RefAxis] in 2.03.05.01.012101薄型螺母M12x1.0-1
2026-04-22 09:16:40,277 INFO  ExportHelperExtension.cs: 1125 - Retrieving features of type [RefAxis] from 3.252021.0C.02.79吸盘固定杆-1
2026-04-22 09:16:40,277 INFO  ExportHelperExtension.cs: 1136 - Found 21 in 3.252021.0C.02.79吸盘固定杆-1
2026-04-22 09:16:40,278 INFO  ExportHelperExtension.cs: 1145 - Found 0 features of type [RefAxis] in 3.252021.0C.02.79吸盘固定杆-1
2026-04-22 09:16:40,278 INFO  ExportHelperExtension.cs: 1125 - Retrieving features of type [RefAxis] from 3.252021.0C.02.78连接板B-2
2026-04-22 09:16:40,278 INFO  ExportHelperExtension.cs: 1136 - Found 19 in 3.252021.0C.02.78连接板B-2
2026-04-22 09:16:40,279 INFO  ExportHelperExtension.cs: 1145 - Found 0 features of type [RefAxis] in 3.252021.0C.02.78连接板B-2
2026-04-22 09:16:40,279 INFO  ExportHelperExtension.cs: 1125 - Retrieving features of type [RefAxis] from 252021 PL801-1
2026-04-22 09:16:40,279 INFO  ExportHelperExtension.cs: 1136 - Found 19 in 252021 PL801-1
2026-04-22 09:16:40,280 INFO  ExportHelperExtension.cs: 1145 - Found 0 features of type [RefAxis] in 252021 PL801-1
2026-04-22 09:16:40,280 INFO  ExportHelperExtension.cs: 1125 - Retrieving features of type [RefAxis] from 3.252021.0C.02.65真空发生器固定板-2
2026-04-22 09:16:40,280 INFO  ExportHelperExtension.cs: 1136 - Found 19 in 3.252021.0C.02.65真空发生器固定板-2
2026-04-22 09:16:40,281 INFO  ExportHelperExtension.cs: 1145 - Found 0 features of type [RefAxis] in 3.252021.0C.02.65真空发生器固定板-2
2026-04-22 09:16:40,281 INFO  ExportHelperExtension.cs: 1125 - Retrieving features of type [RefAxis] from 软袋吸盘（STP35-G2F内螺丝蓝色)-1
2026-04-22 09:16:40,281 INFO  ExportHelperExtension.cs: 1136 - Found 81 in 软袋吸盘（STP35-G2F内螺丝蓝色)-1
2026-04-22 09:16:40,282 INFO  ExportHelperExtension.cs: 1145 - Found 0 features of type [RefAxis] in 软袋吸盘（STP35-G2F内螺丝蓝色)-1
2026-04-22 09:16:40,282 INFO  ExportHelperExtension.cs: 1125 - Retrieving features of type [RefAxis] from 2.02.08.01.030001多级真空发生器（BM30-B内置消音器）供应商八达路信茂，根据实物测绘-1
2026-04-22 09:16:40,282 INFO  ExportHelperExtension.cs: 1136 - Found 21 in 2.02.08.01.030001多级真空发生器（BM30-B内置消音器）供应商八达路信茂，根据实物测绘-1
2026-04-22 09:16:40,283 INFO  ExportHelperExtension.cs: 1145 - Found 0 features of type [RefAxis] in 2.02.08.01.030001多级真空发生器（BM30-B内置消音器）供应商八达路信茂，根据实物测绘-1
2026-04-22 09:16:40,283 INFO  ExportHelperExtension.cs: 1125 - Retrieving features of type [RefAxis] from 3.252021.0C.02.80金具-2
2026-04-22 09:16:40,283 INFO  ExportHelperExtension.cs: 1136 - Found 19 in 3.252021.0C.02.80金具-2
2026-04-22 09:16:40,284 INFO  ExportHelperExtension.cs: 1145 - Found 0 features of type [RefAxis] in 3.252021.0C.02.80金具-2
2026-04-22 09:16:40,284 INFO  ExportHelperExtension.cs: 1125 - Retrieving features of type [RefAxis] from 真空压力表（SMC-ZSE20-N-01-LA1）-1
2026-04-22 09:16:40,284 INFO  ExportHelperExtension.cs: 1136 - Found 21 in 真空压力表（SMC-ZSE20-N-01-LA1）-1
2026-04-22 09:16:40,285 INFO  ExportHelperExtension.cs: 1145 - Found 0 features of type [RefAxis] in 真空压力表（SMC-ZSE20-N-01-LA1）-1
2026-04-22 09:16:40,285 INFO  ExportHelperExtension.cs: 1125 - Retrieving features of type [RefAxis] from 2.02.08.01.030001多级真空发生器（BM30-B内置消音器）供应商八达路信茂，根据实物测绘-2
2026-04-22 09:16:40,306 INFO  ExportHelperExtension.cs: 1136 - Found 21 in 2.02.08.01.030001多级真空发生器（BM30-B内置消音器）供应商八达路信茂，根据实物测绘-2
2026-04-22 09:16:40,306 INFO  ExportHelperExtension.cs: 1145 - Found 0 features of type [RefAxis] in 2.02.08.01.030001多级真空发生器（BM30-B内置消音器）供应商八达路信茂，根据实物测绘-2
2026-04-22 09:16:40,307 INFO  ExportHelperExtension.cs: 1125 - Retrieving features of type [RefAxis] from 真空压力表（SMC-ZSE20-N-01-LA1）-2
2026-04-22 09:16:40,307 INFO  ExportHelperExtension.cs: 1136 - Found 21 in 真空压力表（SMC-ZSE20-N-01-LA1）-2
2026-04-22 09:16:40,308 INFO  ExportHelperExtension.cs: 1145 - Found 0 features of type [RefAxis] in 真空压力表（SMC-ZSE20-N-01-LA1）-2
2026-04-22 09:16:40,368 INFO  ExportPropertyManager.cs: 1142 - AfterClose called. This method no longer throws an Exception. It just silently does nothing. Ok, except for this logging message
2026-04-22 09:17:14,177 INFO  AssemblyExportForm.cs: 253 - Completing URDF export
2026-04-22 09:17:14,178 INFO  ConfigurationSerialization.cs: 276 - URDF Configuration found
<Link z:Id="i1" xmlns="http://schemas.datacontract.org/2004/07/SW2URDF" xmlns:i="http://www.w3.org/2001/XMLSchema-instance" xmlns:z="http://schemas.microsoft.com/2003/10/Serialization/"><Attributes><Attribute z:Id="i2"><AttributeType>name</AttributeType><IsRequired>true</IsRequired><Value i:type="a:string" xmlns:a="http://www.w3.org/2001/XMLSchema">base_link</Value></Attribute></Attributes><ChildElements><URDFElement z:Id="i3" i:type="Inertial"><Attributes/><ChildElements><URDFElement z:Id="i4" i:type="Origin"><Attributes><Attribute z:Id="i5"><AttributeType>xyz</AttributeType><IsRequired>true</IsRequired><Value i:type="a:ArrayOfdouble" xmlns:a="http://schemas.microsoft.com/2003/10/Serialization/Arrays"><a:double>0</a:double><a:double>0</a:double><a:double>0</a:double></Value></Attribute><Attribute z:Id="i6"><AttributeType>rpy</AttributeType><IsRequired>true</IsRequired><Value i:type="a:ArrayOfdouble" xmlns:a="http://schemas.microsoft.com/2003/10/Serialization/Arrays"><a:double>0</a:double><a:double>0</a:double><a:double>0</a:double></Value></Attribute></Attributes><ChildElements/><ElementName>origin</ElementName><required>false</required><RPYAttribute z:Ref="i6"/><XYZAttribute z:Ref="i5"/><isCustomized>false</isCustomized></URDFElement><URDFElement z:Id="i7" i:type="Mass"><Attributes><Attribute z:Id="i8"><AttributeType>value</AttributeType><IsRequired>true</IsRequired><Value i:type="a:double" xmlns:a="http://www.w3.org/2001/XMLSchema">0</Value></Attribute></Attributes><ChildElements/><ElementName>mass</ElementName><required>false</required><ValueAttribute z:Ref="i8"/></URDFElement><URDFElement z:Id="i9" i:type="Inertia"><Attributes><Attribute z:Id="i10"><AttributeType>ixx</AttributeType><IsRequired>true</IsRequired><Value i:type="a:double" xmlns:a="http://www.w3.org/2001/XMLSchema">0</Value></Attribute><Attribute z:Id="i11"><AttributeType>ixy</AttributeType><IsRequired>true</IsRequired><Value i:type="a:double" xmlns:a="http://www.w3.org/2001/XMLSchema">0</Value></Attribute><Attribute z:Id="i12"><AttributeType>ixz</AttributeType><IsRequired>true</IsRequired><Value i:type="a:double" xmlns:a="http://www.w3.org/2001/XMLSchema">0</Value></Attribute><Attribute z:Id="i13"><AttributeType>iyy</AttributeType><IsRequired>true</IsRequired><Value i:type="a:double" xmlns:a="http://www.w3.org/2001/XMLSchema">0</Value></Attribute><Attribute z:Id="i14"><AttributeType>iyz</AttributeType><IsRequired>true</IsRequired><Value i:type="a:double" xmlns:a="http://www.w3.org/2001/XMLSchema">0</Value></Attribute><Attribute z:Id="i15"><AttributeType>izz</AttributeType><IsRequired>true</IsRequired><Value i:type="a:double" xmlns:a="http://www.w3.org/2001/XMLSchema">0</Value></Attribute></Attributes><ChildElements/><ElementName>inertia</ElementName><required>false</required><IxxAttribute z:Ref="i10"/><IxyAttribute z:Ref="i11"/><IxzAttribute z:Ref="i12"/><IyyAttribute z:Ref="i13"/><IyzAttribute z:Ref="i14"/><IzzAttribute z:Ref="i15"/></URDFElement></ChildElements><ElementName>inertial</ElementName><required>false</required><Inertia z:Ref="i9"/><Mass z:Ref="i7"/><Origin z:Ref="i4"/></URDFElement><URDFElement z:Id="i16" i:type="Visual"><Attributes/><ChildElements><URDFElement z:Id="i17" i:type="Origin"><Attributes><Attribute z:Id="i18"><AttributeType>xyz</AttributeType><IsRequired>true</IsRequired><Value i:type="a:ArrayOfdouble" xmlns:a="http://schemas.microsoft.com/2003/10/Serialization/Arrays"><a:double>0</a:double><a:double>0</a:double><a:double>0</a:double></Value></Attribute><Attribute z:Id="i19"><AttributeType>rpy</AttributeType><IsRequired>true</IsRequired><Value i:type="a:ArrayOfdouble" xmlns:a="http://schemas.microsoft.com/2003/10/Serialization/Arrays"><a:double>0</a:double><a:double>0</a:double><a:double>0</a:double></Value></Attribute></Attributes><ChildElements/><ElementName>origin</ElementName><required>false</required><RPYAttribute z:Ref="i19"/><XYZAttribute z:Ref="i18"/><isCustomized>false</isCustomized></URDFElement><URDFElement z:Id="i20" i:type="Geometry"><Attributes/><ChildElements><URDFElement z:Id="i21" i:type="Mesh"><Attributes><Attribute z:Id="i22"><AttributeType>filename</AttributeType><IsRequired>true</IsRequired><Value i:nil="true"/></Attribute></Attributes><ChildElements/><ElementName>mesh</ElementName><required>false</required><FilenameAttribute z:Ref="i22"/></URDFElement></ChildElements><ElementName>geometry</ElementName><required>true</required><Mesh z:Ref="i21"/></URDFElement><URDFElement z:Id="i23" i:type="Material"><Attributes><Attribute z:Id="i24"><AttributeType>name</AttributeType><IsRequired>true</IsRequired><Value i:type="a:string" xmlns:a="http://www.w3.org/2001/XMLSchema"/></Attribute></Attributes><ChildElements><URDFElement z:Id="i25" i:type="Color"><Attributes><Attribute z:Id="i26"><AttributeType>rgba</AttributeType><IsRequired>true</IsRequired><Value i:type="a:ArrayOfdouble" xmlns:a="http://schemas.microsoft.com/2003/10/Serialization/Arrays"><a:double>1</a:double><a:double>1</a:double><a:double>1</a:double><a:double>1</a:double></Value></Attribute></Attributes><ChildElements/><ElementName>color</ElementName><required>false</required><RGBAAttribute z:Ref="i26"/></URDFElement><URDFElement z:Id="i27" i:type="Texture"><Attributes><Attribute z:Id="i28"><AttributeType>filename</AttributeType><IsRequired>true</IsRequired><Value i:nil="true"/></Attribute></Attributes><ChildElements/><ElementName>texture</ElementName><required>false</required><FilenameAttribute z:Ref="i28"/><wFilename/></URDFElement></ChildElements><ElementName>material</ElementName><required>false</required><Color z:Ref="i25"/><NameAttribute z:Ref="i24"/><Texture z:Ref="i27"/></URDFElement></ChildElements><ElementName>visual</ElementName><required>false</required><Geometry z:Ref="i20"/><Material z:Ref="i23"/><Origin z:Ref="i17"/></URDFElement><URDFElement z:Id="i29" i:type="Collision"><Attributes/><ChildElements><URDFElement z:Id="i30" i:type="Origin"><Attributes><Attribute z:Id="i31"><AttributeType>xyz</AttributeType><IsRequired>true</IsRequired><Value i:type="a:ArrayOfdouble" xmlns:a="http://schemas.microsoft.com/2003/10/Serialization/Arrays"><a:double>0</a:double><a:double>0</a:double><a:double>0</a:double></Value></Attribute><Attribute z:Id="i32"><AttributeType>rpy</AttributeType><IsRequired>true</IsRequired><Value i:type="a:ArrayOfdouble" xmlns:a="http://schemas.microsoft.com/2003/10/Serialization/Arrays"><a:double>0</a:double><a:double>0</a:double><a:double>0</a:double></Value></Attribute></Attributes><ChildElements/><ElementName>origin</ElementName><required>false</required><RPYAttribute z:Ref="i32"/><XYZAttribute z:Ref="i31"/><isCustomized>false</isCustomized></URDFElement><URDFElement z:Id="i33" i:type="Geometry"><Attributes/><ChildElements><URDFElement z:Id="i34" i:type="Mesh"><Attributes><Attribute z:Id="i35"><AttributeType>filename</AttributeType><IsRequired>true</IsRequired><Value i:nil="true"/></Attribute></Attributes><ChildElements/><ElementName>mesh</ElementName><required>false</required><FilenameAttribute z:Ref="i35"/></URDFElement></ChildElements><ElementName>geometry</ElementName><required>true</required><Mesh z:Ref="i34"/></URDFElement></ChildElements><ElementName>collision</ElementName><required>false</required><Geometry z:Ref="i33"/><Origin z:Ref="i30"/></URDFElement><URDFElement z:Id="i36" i:type="Joint"><Attributes><Attribute z:Id="i37"><AttributeType>name</AttributeType><IsRequired>true</IsRequired><Value i:type="a:string" xmlns:a="http://www.w3.org/2001/XMLSchema"/></Attribute><Attribute z:Id="i38"><AttributeType>type</AttributeType><IsRequired>true</IsRequired><Value i:type="a:string" xmlns:a="http://www.w3.org/2001/XMLSchema"/></Attribute></Attributes><ChildElements><URDFElement z:Id="i39" i:type="Origin"><Attributes><Attribute z:Id="i40"><AttributeType>xyz</AttributeType><IsRequired>true</IsRequired><Value i:type="a:ArrayOfdouble" xmlns:a="http://schemas.microsoft.com/2003/10/Serialization/Arrays"><a:double>0</a:double><a:double>0</a:double><a:double>0</a:double></Value></Attribute><Attribute z:Id="i41"><AttributeType>rpy</AttributeType><IsRequired>true</IsRequired><Value i:type="a:ArrayOfdouble" xmlns:a="http://schemas.microsoft.com/2003/10/Serialization/Arrays"><a:double>0</a:double><a:double>0</a:double><a:double>0</a:double></Value></Attribute></Attributes><ChildElements/><ElementName>origin</ElementName><required>false</required><RPYAttribute z:Ref="i41"/><XYZAttribute z:Ref="i40"/><isCustomized>false</isCustomized></URDFElement><URDFElement z:Id="i42" i:type="ParentLink"><Attributes><Attribute z:Id="i43"><AttributeType>link</AttributeType><IsRequired>true</IsRequired><Value i:type="a:string" xmlns:a="http://www.w3.org/2001/XMLSchema"/></Attribute></Attributes><ChildElements/><ElementName>parent</ElementName><required>true</required><NameAttribute z:Ref="i43"/></URDFElement><URDFElement z:Id="i44" i:type="ChildLink"><Attributes><Attribute z:Id="i45"><AttributeType>link</AttributeType><IsRequired>true</IsRequired><Value i:type="a:string" xmlns:a="http://www.w3.org/2001/XMLSchema"/></Attribute></Attributes><ChildElements/><ElementName>child</ElementName><required>true</required><NameAttribute z:Ref="i45"/></URDFElement><URDFElement z:Id="i46" i:type="Axis"><Attributes><Attribute z:Id="i47"><AttributeType>xyz</AttributeType><IsRequired>true</IsRequired><Value i:type="a:ArrayOfdouble" xmlns:a="http://schemas.microsoft.com/2003/10/Serialization/Arrays"><a:double>0</a:double><a:double>0</a:double><a:double>0</a:double></Value></Attribute></Attributes><ChildElements/><ElementName>axis</ElementName><required>false</required><XYZAttribute z:Ref="i47"/></URDFElement><URDFElement z:Id="i48" i:type="Limit"><Attributes><Attribute z:Id="i49"><AttributeType>lower</AttributeType><IsRequired>false</IsRequired><Value i:nil="true"/></Attribute><Attribute z:Id="i50"><AttributeType>upper</AttributeType><IsRequired>false</IsRequired><Value i:nil="true"/></Attribute><Attribute z:Id="i51"><AttributeType>effort</AttributeType><IsRequired>true</IsRequired><Value i:nil="true"/></Attribute><Attribute z:Id="i52"><AttributeType>velocity</AttributeType><IsRequired>true</IsRequired><Value i:nil="true"/></Attribute></Attributes><ChildElements/><ElementName>limit</ElementName><required>false</required><EffortAttribute z:Ref="i51"/><LowerAttribute z:Ref="i49"/><UpperAttribute z:Ref="i50"/><VelocityAttribute z:Ref="i52"/></URDFElement><URDFElement z:Id="i53" i:type="Calibration"><Attributes><Attribute z:Id="i54"><AttributeType>rising</AttributeType><IsRequired>false</IsRequired><Value i:nil="true"/></Attribute><Attribute z:Id="i55"><AttributeType>falling</AttributeType><IsRequired>false</IsRequired><Value i:nil="true"/></Attribute></Attributes><ChildElements/><ElementName>calibration</ElementName><required>false</required><FallingAttribute z:Ref="i55"/><RisingAttribute z:Ref="i54"/></URDFElement><URDFElement z:Id="i56" i:type="Dynamics"><Attributes><Attribute z:Id="i57"><AttributeType>damping</AttributeType><IsRequired>false</IsRequired><Value i:nil="true"/></Attribute><Attribute z:Id="i58"><AttributeType>friction</AttributeType><IsRequired>false</IsRequired><Value i:nil="true"/></Attribute></Attributes><ChildElements/><ElementName>dynamics</ElementName><required>false</required><DampingAttribute z:Ref="i57"/><FrictionAttribute z:Ref="i58"/></URDFElement><URDFElement z:Id="i59" i:type="SafetyController"><Attributes><Attribute z:Id="i60"><AttributeType>soft_upper_limit</AttributeType><IsRequired>false</IsRequired><Value i:nil="true"/></Attribute><Attribute z:Id="i61"><AttributeType>soft_lower_limit</AttributeType><IsRequired>false</IsRequired><Value i:nil="true"/></Attribute><Attribute z:Id="i62"><AttributeType>k_position</AttributeType><IsRequired>false</IsRequired><Value i:nil="true"/></Attribute><Attribute z:Id="i63"><AttributeType>k_velocity</AttributeType><IsRequired>true</IsRequired><Value i:nil="true"/></Attribute></Attributes><ChildElements/><ElementName>safety_controller</ElementName><required>false</required><KPositionAttribute z:Ref="i62"/><KVelocityAttribute z:Ref="i63"/><SoftLowerAttribute z:Ref="i61"/><SoftUpperAttribute z:Ref="i60"/></URDFElement><URDFElement z:Id="i64" i:type="Mimic"><Attributes><Attribute z:Id="i65"><AttributeType>joint</AttributeType><IsRequired>true</IsRequired><Value i:nil="true"/></Attribute><Attribute z:Id="i66"><AttributeType>multiplier</AttributeType><IsRequired>false</IsRequired><Value i:nil="true"/></Attribute><Attribute z:Id="i67"><AttributeType>offset</AttributeType><IsRequired>false</IsRequired><Value i:nil="true"/></Attribute></Attributes><ChildElements/><ElementName>mimic</ElementName><required>false</required><JointNameAttribute z:Ref="i65"/><MultiplierAttribute z:Ref="i66"/><OffsetAttribute z:Ref="i67"/></URDFElement></ChildElements><ElementName>joint</ElementName><required>false</required><Axis z:Ref="i46"/><AxisName/><Calibration z:Ref="i53"/><Child z:Ref="i44"/><CoordinateSystemName>Automatically Generate</CoordinateSystemName><Dynamics z:Ref="i56"/><Limit z:Ref="i48"/><Mimic z:Ref="i64"/><NameAttribute z:Ref="i37"/><Origin z:Ref="i39"/><Parent z:Ref="i42"/><Safety z:Ref="i59"/><TypeAttribute z:Ref="i38"/></URDFElement></ChildElements><ElementName>link</ElementName><required>true</required><Children/><Collision z:Ref="i29"/><Inertial z:Ref="i3"/><Joint z:Ref="i36"/><NameAttribute z:Ref="i2"/><Parent i:nil="true"/><STLQualityFine>false</STLQualityFine><SWComponentPIDs xmlns:a="http://schemas.microsoft.com/2003/10/Serialization/Arrays"><a:base64Binary>KCMAAAUAAAD//v8hMwAuADIANQAyADAAMgAxAC4AMABDAC4AMAAyAC4ANgAzADpnaFa6Tt6PpWN/Z0IALQAxAEAAOVk4VMR+CFQ5WXdRBAAAABAAAAABAAAAAQAAABcAAAA=</a:base64Binary></SWComponentPIDs><SWMainComponentPID i:nil="true"/><Visual z:Ref="i16"/><isFixedFrame>false</isFixedFrame><isIncomplete>false</isIncomplete></Link>
2026-04-22 09:17:28,103 INFO  AssemblyExportForm.cs: 309 - Saving URDF package to D:\desktop\111\夹吸组合夹具
2026-04-22 09:17:28,105 INFO  ExportHelper.cs: 147 - Beginning the export process
2026-04-22 09:17:28,106 INFO  ExportHelper.cs: 153 - Creating package directories with name 夹吸组合夹具 and save path D:\desktop\111
2026-04-22 09:17:30,029 INFO  ExportHelper.cs: 162 - Creating CMakeLists.txt at D:\desktop\111\夹吸组合夹具\CMakeLists.txt
2026-04-22 09:17:30,030 INFO  ExportHelper.cs: 166 - Creating joint names config at D:\desktop\111\夹吸组合夹具\config\joint_names_夹吸组合夹具.yaml
2026-04-22 09:17:30,031 INFO  ExportHelper.cs: 170 - Creating package.xml at D:\desktop\111\夹吸组合夹具\package.xml
2026-04-22 09:17:30,033 INFO  PackageXMLWriter.cs: 21 - Creating package.xml at D:\desktop\111\夹吸组合夹具\package.xml
2026-04-22 09:17:30,052 INFO  ExportHelper.cs: 177 - Creating RVIZ launch file in D:\desktop\111\夹吸组合夹具\launch\
2026-04-22 09:17:30,054 INFO  ExportHelper.cs: 182 - Creating Gazebo launch file in D:\desktop\111\夹吸组合夹具\launch\
2026-04-22 09:17:30,055 INFO  ExportHelper.cs: 187 - Saving existing STL preferences
2026-04-22 09:17:30,056 INFO  ExportHelper.cs: 450 - Saving users preferences
2026-04-22 09:17:30,056 INFO  ExportHelper.cs: 190 - Modifying STL preferences
2026-04-22 09:17:30,057 INFO  ExportHelper.cs: 464 - Setting STL preferences
2026-04-22 09:17:30,115 INFO  ExportHelper.cs: 196 - Found 0 hidden components 
2026-04-22 09:17:30,116 INFO  ExportHelper.cs: 197 - Hiding all components
2026-04-22 09:17:30,172 INFO  ExportHelper.cs: 204 - Beginning individual files export
2026-04-22 09:17:30,175 INFO  ExportHelper.cs: 270 - Exporting link: base_link
2026-04-22 09:17:30,176 INFO  ExportHelper.cs: 272 - Link base_link has 0 children
2026-04-22 09:17:30,176 INFO  ExportHelper.cs: 317 - base_link: Exporting STL with coordinate frame Origin_global
2026-04-22 09:17:30,177 INFO  ExportHelper.cs: 322 - base_link: Reference geometry name 
2026-04-22 09:17:30,470 INFO  ExportHelper.cs: 330 - Saving STL to D:\desktop\111\夹吸组合夹具\meshes\base_link.STL
2026-04-22 09:17:30,581 INFO  ExportHelper.cs: 405 - Removing SW header in STL file
2026-04-22 09:17:30,583 INFO  ExportHelper.cs: 145 - Showing all components except previously hidden components
2026-04-22 09:17:30,767 INFO  ExportHelper.cs: 145 - Resetting STL preferences
2026-04-22 09:17:30,767 INFO  ExportHelper.cs: 478 - Returning STL preferences to user preferences
2026-04-22 09:17:30,768 INFO  ExportHelper.cs: 228 - Writing URDF file to D:\desktop\111\夹吸组合夹具\urdf\夹吸组合夹具.urdf
2026-04-22 09:17:30,774 INFO  CSVImportExport.cs: 32 - Writing CSV file D:\desktop\111\夹吸组合夹具\urdf\夹吸组合夹具.csv
2026-04-22 09:17:30,790 ERROR CSVImportExport.cs: 130 - The following columns were not written to the CSV: Link.Joint.ChildLink.link,
2026-04-22 09:17:30,791 INFO  ExportHelper.cs: 234 - Copying log file
2026-04-22 09:17:30,793 INFO  ExportHelper.cs: 439 - Copying C:\Users\GosunmY04\sw2urdf_logs\sw2urdf.log to D:\desktop\111\夹吸组合夹具\export.log
